pt::Normals_mean,pt::Normals_std,pt::Normals_min,pt::Normals_p25,pt::Normals_median,pt::Normals_p75,pt::Normals_max,pt::Normals_sum,pt::Normals_count,cell::labels_mean,cell::labels_std,cell::labels_min,cell::labels_p25,cell::labels_median,cell::labels_p75,cell::labels_max,cell::labels_sum,cell::labels_count,case_id
0.0004531146274962,0.5773500984187053,-1.0,-0.2425356358289718,0.0,0.2425356358289718,1.0,78.0127454160247,172170.0,6.099348363940481,4.124680525196788,1.0,3.0,4.0,11.0,12.0,700132.0,114788.0,topcow_ct_001
0.0003294137038779,0.5773501827151091,-1.0,-0.2425356358289718,0.0,0.2425356358289718,1.0,54.912605609046295,166698.0,6.2139990642096175,3.689130056511234,1.0,3.0,5.0,11.0,12.0,690599.0,111136.0,topcow_ct_002
0.0007215613467376,0.5773498250060258,-1.0,-0.1643989831209182,0.0,0.1961161345243454,1.0,167.80630679731257,232560.0,6.384542452465107,3.7287967632297936,1.0,3.0,6.0,11.0,12.0,989885.0,155044.0,topcow_ct_003
0.0006614685375403,0.5773498991746112,-1.0,-0.3837636709213257,0.0,0.4082483053207397,1.0,130.5262635757681,197328.0,6.5146701124962,3.887221003356572,1.0,3.0,6.0,11.0,12.0,857070.0,131560.0,topcow_ct_004
0.0002716663395426,0.5773502144096467,-1.0,-0.4082483053207397,0.0,0.4082483053207397,1.0,50.62121904501692,186336.0,5.863041378199968,3.184791841543185,1.0,4.0,6.0,7.0,12.0,728307.0,124220.0,topcow_ct_005
0.0013658916047355,0.5773486604142555,-1.0,-0.1643989831209182,0.0,0.1961161345243454,1.0,193.4184465801809,141606.0,6.635566289564002,4.144750236295545,1.0,3.0,6.0,11.0,15.0,626424.0,94404.0,topcow_ct_006
-0.0003651638439655,0.5773501604652382,-1.0,-0.1643989831209182,0.0,0.1643989831209182,1.0,-73.63236782490276,201642.0,6.271266625011158,3.6559335720918473,1.0,3.0,6.0,11.0,12.0,843084.0,134436.0,topcow_ct_007
-0.0008932720549925,0.5773495856578732,-1.0,-0.2357022613286972,0.0,0.2357022613286972,1.0,-125.98887718026526,141042.0,5.9257274119448695,3.5122347478726925,1.0,3.0,5.0,8.0,12.0,557208.0,94032.0,topcow_ct_008
-0.0003231119416787,0.5773501867299177,-1.0,-0.2357022613286972,0.0,0.2357022613286972,1.0,-49.065840791678056,151854.0,6.565095420601367,3.5988933136282326,1.0,4.0,6.0,11.0,12.0,664624.0,101236.0,topcow_ct_009
-0.000535563249275,0.5773500287182403,-1.0,-0.2425356358289718,0.0,0.2425356358289718,1.0,-77.50992681458592,144726.0,6.347989220563847,3.629567817318473,1.0,3.0,6.0,11.0,12.0,612454.0,96480.0,topcow_ct_010
-0.0003771179620659,0.5773501543626508,-1.0,-0.3651483654975891,0.0,0.2425356358289718,1.0,-61.01165237487294,161784.0,6.321093518243845,3.7613139962057818,1.0,4.0,6.0,10.0,15.0,681869.0,107872.0,topcow_ct_011
0.0001781206312277,0.5773502490993848,-1.0,-0.4082483053207397,0.0,0.4082483053207397,1.0,33.05562674324028,185580.0,6.505415279169765,3.596260270858021,1.0,4.0,6.0,11.0,12.0,804876.0,123724.0,topcow_ct_012
-0.0002389646631403,0.5773502285107238,-1.0,-0.3015113472938537,0.0,0.3162277638912201,1.0,-30.84651457681321,129084.0,6.765732478155791,3.786587483994313,1.0,4.0,6.0,11.0,12.0,582286.0,86064.0,topcow_ct_013
-0.0005136571816214,0.5773500472262393,-1.0,-0.1270001232624054,0.0,0.1622214168310165,1.0,-73.13759146234952,142386.0,6.785056672144272,4.124657499989129,1.0,3.0,6.0,11.0,15.0,644119.0,94932.0,topcow_ct_014
0.0002381379323741,0.5773502278178788,-1.0,-0.2357022613286972,0.0,0.2357022613286972,1.0,35.74497992522083,150102.0,6.650765418282106,3.738232467809115,1.0,3.0,6.0,11.0,12.0,665582.0,100076.0,topcow_ct_015
0.0003950025263663,0.5773501425840702,-1.0,-0.4082483053207397,0.0,0.4082483053207397,1.0,56.38029059837572,142734.0,5.956198242885368,3.78052603336524,1.0,3.0,5.0,11.0,12.0,566768.0,95156.0,topcow_ct_016
-0.0016652822207489,0.5773119861324669,-1.0,-0.5499719381332397,0.0,0.5488604307174683,1.0,-241.08956822671465,144774.0,6.063504889772916,3.6966111029512,1.0,3.0,5.0,11.0,12.0,585298.0,96528.0,topcow_ct_017
0.0002592820920826,0.5773502189628694,-1.0,-0.2357022613286972,0.0,0.2425356358289718,1.0,43.69940379960463,168540.0,5.960859349969741,3.687230662749207,1.0,3.0,5.0,9.0,12.0,669786.0,112364.0,topcow_ct_018
0.0013592046784039,0.5773486768412487,-1.0,-0.2357022613286972,0.0,0.2425356358289718,1.0,242.18580800737251,178182.0,6.591900127954744,3.607293428931018,1.0,4.0,6.0,11.0,12.0,783065.0,118792.0,topcow_ct_019
-0.0001250146409474,0.5773502637310943,-1.0,-0.2357022613286972,0.0,0.2357022613286972,1.0,-15.110519651323555,120870.0,5.953532244452167,3.839614619980253,1.0,3.0,5.0,11.0,12.0,479688.0,80572.0,topcow_ct_020
-0.0004234486472336,0.577350121983109,-1.0,-0.4082483053207397,0.0,0.4082483053207397,1.0,-111.18067681766117,262560.0,5.8542071345323246,3.718158394074577,1.0,3.0,5.0,8.0,12.0,1024697.0,175036.0,topcow_ct_021
-0.0009646514210251,0.5773494706803217,-1.0,-0.2425356358289718,0.0,0.2425356358289718,1.0,-259.5471820381936,269058.0,6.85490165469872,4.251014664428279,1.0,3.0,6.0,11.0,15.0,1229550.0,179368.0,topcow_ct_022
3.2497734815474856e-05,0.5773502770133924,-1.0,-0.3333333432674408,0.0,0.2425356358289718,1.0,4.640871518058702,142806.0,5.924720564753341,3.454901581869575,1.0,3.0,5.0,8.0,12.0,563986.0,95192.0,topcow_ct_023
-0.0006692404425078,0.5773498886653435,-1.0,-0.1643989831209182,0.0,0.1643989831209182,1.0,-97.71579701057637,146010.0,6.255661036452554,3.3891832059186,1.0,4.0,6.0,7.0,12.0,608876.0,97332.0,topcow_ct_024
7.137369602980224e-05,0.5773502725788305,-1.0,-0.2425356358289718,0.0,0.2425356358289718,1.0,15.236856628442183,213480.0,6.451566891512085,3.882221326717181,1.0,3.0,6.0,11.0,12.0,918187.0,142320.0,topcow_ct_025
-0.0021378784779205,0.5773463183037778,-1.0,-0.2357022613286972,0.0,0.1961161345243454,1.0,-306.10999198257923,143184.0,5.635555043372586,3.538577355925688,1.0,3.0,5.0,7.0,12.0,537925.0,95452.0,topcow_ct_026
0.0001775550813492,0.5773502488127301,-1.0,-0.2357022613286972,0.0,0.2357022613286972,1.0,25.555147748440504,143928.0,6.485502563888773,3.848163616358835,1.0,3.0,6.0,11.0,12.0,622271.0,95948.0,topcow_ct_027
-0.0005764292634389,0.5773499880895847,-1.0,-0.1961161345243454,0.0,0.1643989831209182,1.0,-127.62489750096574,221406.0,6.469452875182917,3.626886042014115,1.0,3.0,6.0,11.0,12.0,954943.0,147608.0,topcow_ct_028
-0.0002475721119014,0.5773502240799495,-1.0,-0.2425356358289718,0.0,0.2425356358289718,1.0,-50.89240875514224,205566.0,5.985391553077844,3.624539953827997,1.0,3.0,5.0,10.0,12.0,820262.0,137044.0,topcow_ct_029
9.863186991178124e-05,0.577350268384964,-1.0,-0.2425356358289718,0.0,0.2425356358289718,1.0,17.759062705095857,180054.0,5.9410240602506,3.634305123590925,1.0,3.0,5.0,9.0,12.0,713113.0,120032.0,topcow_ct_030
-0.0004065197181099,0.5773501341639793,-1.0,-0.3162277638912201,0.0,0.2425356358289718,1.0,-60.45110816182569,148704.0,5.701396174642886,3.659983861931249,1.0,3.0,5.0,7.0,12.0,565168.0,99128.0,topcow_ct_031
0.0002282490312394,0.5773502330009578,-1.0,-0.4082483053207397,0.0,0.4082483053207397,1.0,32.978789527667686,144486.0,6.082544329554421,3.590843365809233,1.0,3.0,5.0,9.0,12.0,585895.0,96324.0,topcow_ct_032
0.0007241217529967,0.5773498247172647,-1.0,-0.4082483053207397,0.0,0.4082483053207397,1.0,111.7334347309079,154302.0,5.661955126958821,3.5551127584600164,1.0,3.0,5.0,9.0,12.0,582434.0,102868.0,topcow_ct_033
4.201513293049308e-05,0.5773502763711282,-1.0,-0.4082483053207397,0.0,0.4082483053207397,1.0,6.201937802135944,147612.0,6.124883134831918,3.4851656094936203,1.0,3.0,6.0,9.0,12.0,602713.0,98404.0,topcow_ct_034
-3.7826090815153466e-05,0.5773502767825176,-1.0,-0.3333333432674408,0.0,0.3333333432674408,1.0,-3.853268219158053,101868.0,6.709018083289156,3.671087494346029,1.0,4.0,6.0,11.0,12.0,455596.0,67908.0,topcow_ct_035
-0.00157700401528,0.5773481269167563,-1.0,-0.4472136199474334,0.0,0.4472136199474334,1.0,-280.1421472823713,177642.0,6.050817401877998,3.956407846603827,1.0,2.0,5.0,11.0,12.0,716562.0,118424.0,topcow_ct_036
-0.0008213750842977,0.5773496955992047,-1.0,-0.4472136199474334,0.0,0.4472136199474334,1.0,-117.69647857919335,143292.0,5.659649526840298,3.722287807901616,1.0,3.0,5.0,9.0,12.0,540655.0,95528.0,topcow_ct_037
1.9000365638591657e-05,0.5773502771703289,-1.0,-0.2425356358289718,0.0,0.2425356358289718,1.0,2.765237213578075,145536.0,5.39700061842919,3.605585189629838,1.0,3.0,5.0,7.0,12.0,523617.0,97020.0,topcow_ct_038
0.0002083833248068,0.5773502403919071,-1.0,-0.4082483053207397,0.0,0.4082483053207397,1.0,31.383779015857726,150606.0,5.7985239631887175,3.585300783812066,1.0,3.0,5.0,8.0,12.0,582195.0,100404.0,topcow_ct_039
2.511179497852004e-05,0.5773502764582029,-1.0,-0.3333333432674408,0.0,0.3333333432674408,1.0,4.567885730182752,181902.0,6.551901573374674,4.044712834339439,1.0,3.0,5.0,11.0,15.0,794536.0,121268.0,topcow_ct_040
-0.0004854539121935,0.5773500734232326,-1.0,-0.2357022613286972,0.0,0.1643989831209182,1.0,-54.17374387732707,111594.0,6.754784431781529,3.449479089344901,1.0,4.0,6.0,11.0,12.0,502610.0,74408.0,topcow_ct_041
0.0002360304103496,0.5773502288236656,-1.0,-0.2357022613286972,0.0,0.2425356358289718,1.0,34.105922234710306,144498.0,6.089042517854177,3.692119882181577,1.0,3.0,5.0,11.0,12.0,586594.0,96336.0,topcow_ct_042
-0.0007164082069598,0.5773498321873094,-1.0,-0.1643989831209182,0.0,0.1643989831209182,1.0,-82.31960142892785,114906.0,6.570639686684073,3.903569646831959,1.0,3.0,6.0,11.0,15.0,503311.0,76600.0,topcow_ct_043
-0.0019948877123001,0.5773468312011615,-1.0,-0.2425356358289718,0.0,0.2357022613286972,1.0,-242.055685235071,121338.0,6.03309514390268,3.622897768946308,1.0,3.0,5.0,10.0,12.0,488005.0,80888.0,topcow_ct_044
-0.0017120056399596,0.577347740339395,-1.0,-0.4082483053207397,0.0,0.4082483053207397,1.0,-301.9258906519972,176358.0,5.7343659623694325,3.6816231807447455,1.0,3.0,5.0,11.0,12.0,674155.0,117564.0,topcow_ct_045
-0.0005251725136023,0.5773500379871946,-1.0,-0.1961161345243454,0.0,0.1961161345243454,1.0,-64.22439703345299,122292.0,7.384297419291531,4.142172994282595,1.0,4.0,6.0,11.0,15.0,602027.0,81528.0,topcow_ct_046
0.0012147840389933,0.5773489980821604,-1.0,-0.1622214168310165,0.0,0.1643989831209182,1.0,159.2946310332045,131130.0,6.4396906744760685,3.785590465557313,1.0,3.0,6.0,11.0,12.0,562932.0,87416.0,topcow_ct_047
0.0006473471275863,0.5773499130268495,-1.0,-0.1961161345243454,0.0,0.1961161345243454,1.0,91.61774427304044,141528.0,6.647047602899411,3.782659579609539,1.0,3.0,6.0,11.0,12.0,627242.0,94364.0,topcow_ct_048
0.000930928925757,0.5773495279216974,-1.0,-0.4082483053207397,0.0,0.4082483053207397,1.0,232.05823889700696,249276.0,6.335437021706695,3.953087323735276,1.0,3.0,6.0,11.0,12.0,1053051.0,166216.0,topcow_ct_049
-0.0009025198479355,0.5773495719917372,-1.0,-0.2425356358289718,0.0,0.2425356358289718,1.0,-129.88704643549863,143916.0,6.34632702409739,3.776449630142869,1.0,3.0,6.0,11.0,12.0,608892.0,95944.0,topcow_ct_050
0.0001407034107967,0.5773502605700174,-1.0,-0.2357022613286972,0.0,0.2357022613286972,1.0,14.26817007525824,101406.0,6.035663570202947,3.854064172954971,1.0,3.0,5.0,11.0,12.0,408035.0,67604.0,topcow_ct_051
-0.0013705477827717,0.5773486498413006,-1.0,-0.1643989831209182,0.0,0.1643989831209182,1.0,-172.73013706272468,126030.0,5.949500119019281,3.936303619123017,1.0,3.0,5.0,10.0,15.0,499877.0,84020.0,topcow_ct_052
0.0003809543866812,0.5773501532357332,-1.0,-0.4082483053207397,0.0,0.4082483053207397,1.0,54.30885736527853,142560.0,5.690335886859163,3.747074516866912,1.0,3.0,5.0,10.0,12.0,540764.0,95032.0,topcow_ct_053
-0.0007317984666538,0.577349814821014,-1.0,-0.3333333432674408,0.0,0.2425356358289718,1.0,-111.52169552724808,152394.0,5.997647452555319,3.6112095335812886,1.0,3.0,5.0,10.0,12.0,609313.0,101592.0,topcow_ct_054
-0.0013891436986998,0.5773486061377152,-1.0,-0.2425356358289718,0.0,0.2357022613286972,1.0,-180.63313342933543,130032.0,5.982510383017997,3.8703723066542928,1.0,3.0,5.0,11.0,12.0,518564.0,86680.0,topcow_ct_055
-0.0009461925011946,0.5772428460821692,-1.0,-0.4082483053207397,0.0,0.4082483053207397,1.0,-169.03729033842683,178650.0,6.302330657890318,4.144203439307254,1.0,3.0,5.0,11.0,15.0,750658.0,119108.0,topcow_ct_056
-0.0001097300117638,0.5773502672343861,-1.0,-0.2425356358289718,0.0,0.2425356358289718,1.0,-13.402643096866086,122142.0,5.700444586362743,3.6931226411569287,1.0,3.0,5.0,7.0,12.0,464153.0,81424.0,topcow_ct_057
-0.0005053130675311,0.5773500575587879,-1.0,-0.4472136199474334,0.0,0.4082483053207397,1.0,-77.69188413291704,153750.0,6.1320246643771466,3.883264607502296,1.0,3.0,5.0,11.0,12.0,628508.0,102496.0,topcow_ct_058
-0.0002610441772012,0.577350219252687,-1.0,-0.4082483053207397,0.0,0.4082483053207397,1.0,-39.29289164068177,150522.0,6.251036352040816,3.739115651059065,1.0,3.0,6.0,11.0,12.0,627304.0,100352.0,topcow_ct_059
4.292329295009048e-05,0.5773502752504958,-1.0,-0.2425356358289718,0.0,0.2425356358289718,1.0,6.49463760969229,151308.0,6.329083554744815,3.78723454540139,1.0,3.0,6.0,11.0,12.0,638402.0,100868.0,topcow_ct_060
0.0001106494009263,0.5773502649972201,-1.0,-0.1622214168310165,0.0,0.1622214168310165,1.0,21.901942419353876,197940.0,6.366975327352085,3.79730783559242,1.0,3.0,6.0,11.0,12.0,840237.0,131968.0,topcow_ct_061
-0.001175875213361,0.5773490786414168,-1.0,-0.1643989831209182,0.0,0.1643989831209182,1.0,-178.2861998497974,151620.0,5.986703074913926,3.7486105290967697,1.0,3.0,5.0,11.0,12.0,605112.0,101076.0,topcow_ct_062
0.0002876697316331,0.5773502058516096,-1.0,-0.2425356358289718,0.0,0.2425356358289718,1.0,41.84731586067937,145470.0,6.085584656630233,3.775035556901004,1.0,3.0,5.0,11.0,12.0,590180.0,96980.0,topcow_ct_063
0.0004982391720432,0.5773500628650465,-1.0,-0.4082483053207397,0.0,0.4082483053207397,1.0,72.06929975771345,144648.0,6.47782893645263,3.648447405925812,1.0,3.0,6.0,11.0,12.0,624670.0,96432.0,topcow_ct_064
-0.0005974686409636,0.577349968069969,-1.0,-0.2425356358289718,0.0,0.2425356358289718,1.0,-101.51470184884964,169908.0,6.554557011193898,3.555713763986215,1.0,4.0,6.0,11.0,12.0,742474.0,113276.0,topcow_ct_065
-0.00049107760596,0.5773500681373619,-1.0,-0.2357022613286972,0.0,0.2357022613286972,1.0,-73.1666346671991,148992.0,6.270286324097938,3.547630478742325,1.0,3.0,5.0,9.0,12.0,622815.0,99328.0,topcow_ct_066
0.0008022477947642,0.5773497198009183,-1.0,-0.2357022613286972,0.0,0.2357022613286972,1.0,125.76678228960373,156768.0,5.877707823025107,3.684400175199131,1.0,3.0,5.0,8.0,12.0,614291.0,104512.0,topcow_ct_067
-0.0001047290032753,0.5773502667731254,-1.0,-0.1643989831209182,0.0,0.1643989831209182,1.0,-12.596385597949848,120276.0,5.874881516587678,3.5616874515879124,1.0,3.0,5.0,9.0,12.0,471048.0,80180.0,topcow_ct_068
-0.0006818230046335,0.5773498762681711,-1.0,-0.4082483053207397,0.0,0.4082483053207397,1.0,-86.24515550211072,126492.0,5.9397116023147705,3.777080215120334,1.0,3.0,5.0,11.0,12.0,500884.0,84328.0,topcow_ct_069
-0.0005023620620537,0.5773500601111372,-1.0,-0.4082483053207397,0.0,0.4082483053207397,1.0,-66.33590557007119,132048.0,6.149818264425261,3.791301255511558,1.0,3.0,5.0,11.0,12.0,541430.0,88040.0,topcow_ct_070
-0.0006064178471797,0.5773499597288768,-1.0,-0.4082483053207397,0.0,0.4082483053207397,1.0,-125.3247379695531,206664.0,5.913676218680139,3.7818841202851767,1.0,3.0,5.0,7.0,15.0,814739.0,137772.0,topcow_ct_071
2.075924584089377e-05,0.5773502768730707,-1.0,-0.2357022613286972,0.0,0.2357022613286972,1.0,2.256322430446744,108690.0,5.953958264325936,3.5331643876681422,1.0,3.0,5.0,7.0,12.0,431400.0,72456.0,topcow_ct_072
-0.0003935395360015,0.5773501446134182,-1.0,-0.4082483053207397,0.0,0.4082483053207397,1.0,-89.20754202082753,226680.0,5.620940204875724,3.762898528581628,1.0,2.0,5.0,10.0,12.0,849414.0,151116.0,topcow_ct_073
0.0005831697246237,0.5773499816403432,-1.0,-0.1622214168310165,0.0,0.1643989831209182,1.0,81.92601559404284,140484.0,6.256619688234038,3.5428844421966508,1.0,3.0,6.0,9.0,12.0,585995.0,93660.0,topcow_ct_074
-0.0009114221468993,0.5773495584465421,-1.0,-0.4082483053207397,0.0,0.4082483053207397,1.0,-196.07971499534324,215136.0,6.267953759482374,3.92859635113383,1.0,3.0,5.0,11.0,12.0,898975.0,143424.0,topcow_ct_075
-0.0014053250834753,0.5773485677848682,-1.0,-0.3015113472938537,0.0,0.2425356358289718,1.0,-236.5246434994042,168306.0,6.093288770053476,3.672874197446197,1.0,3.0,5.0,11.0,12.0,683667.0,112200.0,topcow_ct_076
7.646998908522665e-05,0.57735027322163,-1.0,-0.4082483053207397,0.0,0.4082483053207397,1.0,16.781339104752988,219450.0,6.855154878748941,4.142483793687193,1.0,4.0,6.0,11.0,15.0,1002964.0,146308.0,topcow_ct_077
-0.0003981666233427,0.5773501393528239,-1.0,-0.2357022613286972,0.0,0.1961161345243454,1.0,-74.17127492954023,186282.0,6.57644548236431,3.534002177220116,1.0,4.0,6.0,11.0,12.0,816663.0,124180.0,topcow_ct_078
-0.0009357620470987,0.5773495182248477,-1.0,-0.2425356358289718,0.0,0.2357022613286972,1.0,-175.46661297557876,187512.0,6.023341759191117,3.47281000209911,1.0,3.0,5.0,8.0,12.0,752990.0,125012.0,topcow_ct_079
-0.0004279673021997,0.5773501200037644,-1.0,-0.4082483053207397,0.0,0.4082483053207397,1.0,-64.4467401036527,150588.0,5.74034745188668,3.70775657595826,1.0,3.0,5.0,7.0,12.0,576262.0,100388.0,topcow_ct_080
-0.000736608507805,0.5773498059776047,-1.0,-0.1643989831209182,0.0,0.1622214168310165,1.0,-113.11654889257623,153564.0,5.882585081858321,3.664622755090984,1.0,3.0,5.0,7.0,12.0,602212.0,102372.0,topcow_ct_081
-0.0010524915341776,0.5773493180600914,-1.0,-0.4082483053207397,0.0,0.2425356358289718,1.0,-221.326339739142,210288.0,6.29590715854946,3.569763519635336,1.0,3.0,6.0,10.0,12.0,882661.0,140196.0,topcow_ct_082
0.0010071585409969,0.5773493984742903,-1.0,-0.4082483053207397,0.0,0.4082483053207397,1.0,159.60038535762578,158466.0,5.749687641980918,3.672280712533624,1.0,3.0,5.0,8.0,12.0,607443.0,105648.0,topcow_ct_083
0.000464893421496,0.5773500907052908,-1.0,-0.3162277638912201,0.0,0.3713906705379486,1.0,91.05867446842603,195870.0,6.234944556760399,4.127879783912631,1.0,3.0,5.0,11.0,15.0,814184.0,130584.0,topcow_ct_084
-0.0009887322049528,0.5773494302300809,-1.0,-0.2357022613286972,0.0,0.2357022613286972,1.0,-138.18916789302602,139764.0,5.730639622236532,3.571106902082498,1.0,3.0,5.0,8.0,12.0,533981.0,93180.0,topcow_ct_085
-0.000203989299363,0.5773502400187589,-1.0,-0.2357022613286972,0.0,0.2357022613286972,1.0,-33.324099922552705,163362.0,6.394456074629058,3.56612231091917,1.0,3.0,6.0,11.0,12.0,696433.0,108912.0,topcow_ct_086
0.0002458754323553,0.5773502263304331,-1.0,-0.4082483053207397,0.0,0.4082483053207397,1.0,38.096922990866005,154944.0,5.619864074662123,3.773106101956338,1.0,3.0,5.0,7.0,12.0,580487.0,103292.0,topcow_ct_087
-0.00080448749796,0.5773497173382909,-1.0,-0.3807497918605804,0.0,0.2425356358289718,1.0,-104.87942613405176,130368.0,5.608831246547597,3.687329670348745,1.0,2.0,5.0,7.0,12.0,487385.0,86896.0,topcow_ct_088
-0.0007215310609408,0.5773498272961863,-1.0,-0.4082483053207397,0.0,0.4082483053207397,1.0,-100.18170168739744,138846.0,5.704642671966816,3.6119045804978778,1.0,3.0,5.0,7.0,12.0,528113.0,92576.0,topcow_ct_089
-0.001053227496612,0.5773493168668259,-1.0,-0.2425356358289718,0.0,0.2357022613286972,1.0,-165.99707928602584,157608.0,6.420324754435391,3.953682569988291,1.0,3.0,6.0,11.0,15.0,674545.0,105064.0,topcow_ct_090
-0.0003655170364743,0.5773501611914085,-1.0,-0.2357022613286972,0.0,0.2357022613286972,1.0,-41.10531488782726,112458.0,5.799004961852425,3.630679086209101,1.0,3.0,5.0,9.0,12.0,434763.0,74972.0,topcow_ct_131
0.0001948500954105,0.5773502426192301,-1.0,-0.1643989831209182,0.0,0.1643989831209182,1.0,25.99261302757077,133398.0,6.362821608492263,3.847150121952053,1.0,3.0,6.0,11.0,12.0,565833.0,88928.0,topcow_ct_132
-0.0001571429782821,0.5773502551057126,-1.0,-0.1643989831209182,0.0,0.1643989831209182,1.0,-22.30613148119301,141948.0,6.119848683376305,3.5797075500506605,1.0,3.0,6.0,8.0,12.0,579158.0,94636.0,topcow_ct_133
0.000665458864957,0.5773498951428709,-1.0,-0.4082483053207397,0.0,0.4082483053207397,1.0,115.15100199216975,173040.0,5.7312846740638,3.661947147912747,1.0,3.0,5.0,8.0,12.0,661161.0,115360.0,topcow_ct_134
-0.000149996744311,0.5773502584291338,-1.0,-0.2425356358289718,0.0,0.2425356358289718,1.0,-19.858068979345266,132390.0,6.333503285746658,3.470056318579481,1.0,4.0,6.0,9.0,12.0,558995.0,88260.0,topcow_ct_135
-0.0003558881062307,0.5773501690788215,-1.0,-0.4472136199474334,0.0,0.4472136199474334,1.0,-68.52696663094684,192552.0,6.134199538854615,3.570788396783599,1.0,3.0,5.0,9.0,12.0,787484.0,128376.0,topcow_ct_136
-0.0006086511284838,0.5773499571854782,-1.0,-0.4082483053207397,0.0,0.3784100115299225,1.0,-102.20591479726136,167922.0,5.85426417521169,3.4820017399067016,1.0,3.0,5.0,8.0,12.0,655420.0,111956.0,topcow_ct_137
-0.0014064585912536,0.577348565355834,-1.0,-0.4472136199474334,0.0,0.4423228427767753,1.0,-227.66907800058837,161874.0,5.998758247460894,3.6262073072485914,1.0,3.0,5.0,7.0,12.0,647338.0,107912.0,topcow_ct_138
4.76811159561609e-05,0.5773502765301534,-1.0,-0.4082483053207397,0.0,0.4082483053207397,1.0,7.824471128406003,164100.0,6.0217184643510056,3.755106695865953,1.0,3.0,5.0,11.0,12.0,658776.0,109400.0,topcow_ct_139
0.0009909310576602,0.5773494273248057,-1.0,-0.3279149234294891,0.0,0.4082483053207397,1.0,137.77707239496522,139038.0,6.108688616553033,3.5415367493680243,1.0,3.0,5.0,9.0,12.0,566251.0,92696.0,topcow_ct_140
-5.789271440305397e-05,0.5773502750370754,-1.0,-0.2425356358289718,0.0,0.2425356358289718,1.0,-9.116365737048907,157470.0,6.410592493808345,3.6241498318481984,1.0,3.0,6.0,11.0,12.0,672984.0,104980.0,topcow_ct_141
-0.0003569948350496,0.5773501684927362,-1.0,-0.4472136199474334,0.0,0.4472136199474334,1.0,-56.14529169793241,157272.0,6.48929920268569,3.651293471294553,1.0,3.0,6.0,11.0,12.0,680416.0,104852.0,topcow_ct_142
-0.0009848262305394,0.577349437966175,-1.0,-0.3333333432674408,0.0,0.2425356358289718,1.0,-131.88201983645558,133914.0,6.140676105560285,3.8070131682003416,1.0,3.0,5.0,11.0,12.0,548215.0,89276.0,topcow_ct_143
-0.0001452005719122,0.5773502593939815,-1.0,-0.2425356358289718,0.0,0.2425356358289718,1.0,-22.319360710913315,153714.0,6.192818110850898,3.4592727918924555,1.0,3.0,6.0,9.0,12.0,634640.0,102480.0,topcow_ct_144
0.0002497968833236,0.5773502238296752,-1.0,-0.2425356358289718,0.0,0.4082483053207397,1.0,35.21236786083318,140964.0,5.756788967395931,3.7245535271690313,1.0,3.0,5.0,7.0,12.0,541000.0,93976.0,topcow_ct_145
-0.0006655880044245,0.5773498943444484,-1.0,-0.4082483053207397,0.0,0.4082483053207397,1.0,-145.1966919892002,218148.0,5.560318508127733,3.6365782646039935,1.0,3.0,5.0,7.0,12.0,808626.0,145428.0,topcow_ct_146
0.0003012921267115,0.5773501997165813,-1.0,-0.4082483053207397,0.0,0.4082483053207397,1.0,50.862931662937626,168816.0,5.699637475120841,3.655032132734591,1.0,3.0,5.0,7.0,12.0,641460.0,112544.0,topcow_ct_147
8.033643397934797e-05,0.5773502708497723,-1.0,-0.1961161345243454,0.0,0.1961161345243454,1.0,12.258215115172789,152586.0,6.352286579371633,3.633919913093953,1.0,4.0,6.0,11.0,12.0,646180.0,101724.0,topcow_ct_148
-5.9497323299991375e-05,0.5773502732109155,-1.0,-0.1643989831209182,0.0,0.1643989831209182,1.0,-6.976180151570588,117252.0,5.899114727254119,3.592524595494726,1.0,3.0,5.0,7.0,12.0,461122.0,78168.0,topcow_ct_149
-0.0007986307513459,0.5773497256500095,-1.0,-0.2425356358289718,0.0,0.2425356358289718,1.0,-101.53312194161116,127134.0,6.363319962246343,3.630270593158256,1.0,3.0,6.0,11.0,12.0,539355.0,84760.0,topcow_ct_150
-0.0007602887100133,0.5773497748868358,-1.0,-0.1622214168310165,0.0,0.1270001232624054,1.0,-106.4480222889688,140010.0,6.381807858765051,3.47292706133192,1.0,3.0,6.0,9.0,12.0,595729.0,93348.0,topcow_ct_151
0.0004306922615276,0.5773501161253715,-1.0,-0.2425356358289718,0.0,0.2425356358289718,1.0,68.58085157210007,159234.0,5.974549770175571,3.722009841342689,1.0,3.0,5.0,9.0,12.0,634306.0,106168.0,topcow_ct_152
-0.0005154866552188,0.5773500475242149,-1.0,-0.2357022613286972,0.0,0.2357022613286972,1.0,-70.47218063496985,136710.0,6.079748946629214,3.541125733555448,1.0,3.0,5.0,7.0,12.0,554084.0,91136.0,topcow_ct_153
-0.0006105910053515,0.5773499554803244,-1.0,-0.4082483053207397,0.0,0.4082483053207397,1.0,-93.07605049177072,152436.0,5.807400118086991,3.867509629365337,1.0,3.0,5.0,11.0,12.0,590148.0,101620.0,topcow_ct_154
0.0002483957690005,0.5773502239513284,-1.0,-0.3333333432674408,0.0,0.3333333432674408,1.0,42.49505136907101,171078.0,6.294780306483852,3.605139136762126,1.0,3.0,6.0,10.0,12.0,718033.0,114068.0,topcow_ct_155
-0.0003064814141695,0.5773501974714766,-1.0,-0.4472136199474334,0.0,0.4082483053207397,1.0,-48.45655046869069,158106.0,5.864597168987895,3.6401833459056174,1.0,3.0,5.0,7.0,12.0,618152.0,105404.0,topcow_ct_156
-0.0008249153211555,0.5773496890658109,-1.0,-0.4472136199474334,0.0,0.4082483053207397,1.0,-139.74890455696732,169410.0,6.4831509420597815,3.579189270945772,1.0,4.0,6.0,11.0,12.0,732233.0,112944.0,topcow_ct_157
-1.613527270359698e-05,0.5773502775219603,-1.0,-0.4082483053207397,0.0,0.4082483053207397,1.0,-3.4549168618395925,214122.0,5.535176829951799,3.7678110604589135,1.0,2.0,5.0,7.0,12.0,790069.0,142736.0,topcow_ct_158
7.021889239818268e-05,0.5773502730690172,-1.0,-0.2425356358289718,0.0,0.2425356358289718,1.0,11.13025619625114,158508.0,6.010163524869407,4.102276045334165,1.0,3.0,5.0,11.0,15.0,635106.0,105672.0,topcow_ct_159
6.625197992280386e-05,0.5773502731502828,-1.0,-0.2357022613286972,0.0,0.2357022613286972,1.0,9.031072391197084,136314.0,6.564282570422535,3.611098985758032,1.0,3.0,6.0,11.0,12.0,596562.0,90880.0,topcow_ct_160
-0.0008384367377688,0.5773496705507783,-1.0,-0.4082483053207397,0.0,0.4082483053207397,1.0,-201.89892020169648,240804.0,5.742848777813769,3.834188804672961,1.0,2.0,5.0,10.0,12.0,921911.0,160532.0,topcow_ct_161
-0.0007690545522491,0.5773497641806915,-1.0,-0.1643989831209182,0.0,0.1622214168310165,1.0,-108.5705073592253,141174.0,6.4668997322225525,4.053295924723468,1.0,3.0,6.0,11.0,15.0,608587.0,94108.0,topcow_ct_162
-9.659960618953486e-05,0.5773502676893878,-1.0,-0.1622214168310165,0.0,0.1622214168310165,1.0,-16.388702787691727,169656.0,6.184469710365315,3.528026556829658,1.0,3.0,6.0,9.0,12.0,699513.0,113108.0,topcow_ct_163
-0.0001449494032147,0.5773502604836983,-1.0,-0.4082483053207397,0.0,0.4082483053207397,1.0,-21.56760150194168,148794.0,5.918945076215824,3.814856811819391,1.0,3.0,5.0,11.0,12.0,587112.0,99192.0,topcow_ct_164
-0.0013220867517814,0.5773487632870158,-1.0,-0.2425356358289718,0.0,0.2357022613286972,1.0,-179.52880419790745,135792.0,5.846217577658964,3.763066133905291,1.0,3.0,5.0,11.0,12.0,529223.0,90524.0,topcow_ct_165
0.0039576114299329,0.577336716074943,-0.9999934434890748,-0.4957711398601532,-0.0008344111847691,0.5296348929405212,0.999971330165863,1039.3004223918324,262608.0,5.774153016699792,3.2549815673228752,1.0,4.0,5.0,7.0,12.0,1011008.0,175092.0,topcow_mr_001
-0.0006655095658696,0.5773456136281949,-0.9999890327453612,-0.5372603535652161,-0.0016372370300814,0.5318284034729004,0.9999890327453612,-134.53408975967614,202152.0,5.9233103796266064,3.3240002356365936,1.0,4.0,5.0,7.0,12.0,798249.0,134764.0,topcow_mr_002
0.0027348285062278,0.5773438020533249,-0.999998152256012,-0.5192058682441711,-0.0011391864391043,0.5320072174072266,0.999998152256012,679.4462637442557,248442.0,5.885091892675152,3.1460215082064407,1.0,4.0,6.0,8.0,12.0,974736.0,165628.0,topcow_mr_003
0.0029025123486861,0.577339316341725,-0.9991363883018494,-0.5023582577705383,0.0151406908407807,0.5159013867378235,0.9990375638008118,684.9522791170457,235986.0,6.351907183725365,3.725895343183847,1.0,3.0,6.0,11.0,12.0,999155.0,157300.0,topcow_mr_004
-0.000234104094491,0.5773502369137818,-0.9999994039535522,-0.5340267419815063,0.0002416350762359,0.5323835611343384,0.9999994039535522,-39.76773073937966,169872.0,5.749072864055381,3.171048728065743,1.0,4.0,5.0,7.0,12.0,651094.0,113252.0,topcow_mr_005
0.0008107049627501,0.5773497110496908,-0.9995582103729248,-0.4360415637493133,0.0068641197867691,0.4395253658294678,0.9993114471435548,176.5715408869728,217800.0,6.390971438014708,4.2882340717266665,1.0,3.0,4.0,11.0,15.0,928148.0,145228.0,topcow_mr_006
0.0005649104509929,0.5773500046245764,-0.9999547004699708,-0.5404704213142395,0.0023651602678,0.5444753766059875,0.9998916983604432,166.60903931136272,294930.0,5.960287027807726,3.319938907871863,1.0,4.0,6.0,7.0,12.0,1172007.0,196636.0,topcow_mr_007
0.0013024710882873,0.577348809302845,-0.9999985098838806,-0.5378342866897583,8.95823395694606e-05,0.5409390926361084,0.999998927116394,324.5419309529216,249174.0,5.840881184543156,3.2981618036752653,1.0,4.0,5.0,7.0,15.0,970404.0,166140.0,topcow_mr_008
0.0020286966709745,0.5773467163495606,-0.9998493790626526,-0.5060847997665405,0.0053696297109127,0.5145313739776611,0.9998493790626526,483.0773086857953,238122.0,6.070485997328023,3.2493647753631807,1.0,4.0,6.0,7.0,12.0,963289.0,158684.0,topcow_mr_009
0.003212841019727,0.577341340220558,-0.9989047050476074,-0.4906705319881439,0.0115493042394518,0.5026773810386658,0.9989047050476074,726.5615067241451,226143.0,6.1214280974185415,3.183283562245592,1.0,4.0,6.0,7.0,12.0,922438.0,150690.0,topcow_mr_010
-3.039270983371488e-05,0.5773502815472658,-0.999999225139618,-0.5374022722244263,0.0005683050258085,0.5374022722244263,0.999999225139618,-6.715451594018305,220956.0,6.05057560207434,3.619373236321668,1.0,4.0,5.0,8.0,15.0,891395.0,147324.0,topcow_mr_011
0.0003745068546584,0.5773501596851249,-0.9999656677246094,-0.4586555063724518,2.5576192275167382e-09,0.4542665779590606,0.9999788403511048,100.27645737591638,267756.0,6.151432828463882,3.3803626855532127,1.0,4.0,6.0,9.0,12.0,1098203.0,178528.0,topcow_mr_012
-0.0003047069882232,0.5773501986636599,-1.0,-0.5423265397548676,0.0,0.5401947498321533,1.0,-63.17764223122504,207339.0,6.010721416789652,3.195703248080538,1.0,4.0,6.0,7.0,12.0,830850.0,138228.0,topcow_mr_013
-0.0001514378375419,0.5773502612036047,-0.999980330467224,-0.5259035229682922,0.000934662297368,0.5240095257759094,0.9999791979789734,-30.90331375582537,204066.0,6.300189644526771,3.6919425539582886,1.0,4.0,6.0,10.0,15.0,857103.0,136044.0,topcow_mr_014
0.0016247032355171,0.5773436950989919,-0.9992078542709352,-0.479043573141098,0.0066842446103692,0.492158830165863,0.9992018342018129,327.3159632337629,201462.0,6.511302379605087,3.474439448300985,1.0,4.0,6.0,10.0,12.0,874520.0,134308.0,topcow_mr_015
-0.0004736274870607,0.5773500831852588,-0.9999029040336608,-0.3841262757778168,-3.9119189750636e-05,0.3842942416667938,0.999933660030365,-99.245798148655,209544.0,5.8170475045099215,3.471179711318769,1.0,4.0,5.0,7.0,12.0,812595.0,139692.0,topcow_mr_016
0.0008953553346763,0.5773495885519188,-1.0,-0.5559719800949097,-1.1160830581502523e-05,0.5560573935508728,0.9999999403953552,182.43760299366025,203760.0,6.032729681978799,3.509935087095023,1.0,4.0,6.0,10.0,12.0,819486.0,135840.0,topcow_mr_017
0.0006579772205201,0.577349909156748,-1.0,-0.5462796092033386,5.5572746925081065e-12,0.5462440848350525,1.0,172.11104943476676,261576.0,5.630269978897147,3.221000341776409,1.0,4.0,5.0,6.0,12.0,981829.0,174384.0,topcow_mr_018
0.0006203312010162,0.5773499479588365,-0.9999786615371704,-0.5233971476554871,0.0009146717493422,0.5233971476554871,0.9999786615371704,159.84074056585814,257670.0,6.2177334854588215,3.267015079287221,1.0,4.0,6.0,9.0,12.0,1068132.0,171788.0,topcow_mr_019
0.0013280371196578,0.5773487552578147,-0.9999988079071044,-0.5330581068992615,0.0001270031207241,0.5412927269935608,0.9999998807907104,225.56046458829587,169845.0,5.883169559223782,3.681625589110027,1.0,3.0,5.0,11.0,12.0,665763.0,113164.0,topcow_mr_020
-0.0009868270155903,0.5773494400039751,-0.9999997615814208,-0.5213427543640137,0.0001068202545866,0.5146908760070801,0.999997079372406,-231.47409208492536,234564.0,6.214323169795876,3.729712228296653,1.0,3.0,6.0,11.0,12.0,971771.0,156376.0,topcow_mr_021
0.0009815708757144,0.5773494474403509,-1.0,-0.5345255732536316,0.0001024398370645,0.536055326461792,1.0,331.2036080253347,337422.0,6.208655641504401,3.873630538384639,1.0,4.0,6.0,7.0,15.0,1396575.0,224940.0,topcow_mr_022
-0.0003772143577962,0.5773501581812439,-1.0,-0.5578552484512329,4.8997529124294995e-12,0.5530568957328796,1.0,-82.60768107122544,218994.0,5.793181631366962,3.124242005225164,1.0,4.0,5.0,7.0,12.0,845735.0,145988.0,topcow_mr_023
-0.0004035291669494,0.5773501436971915,-1.0,-0.4377989470958709,-7.929551213535846e-17,0.4397135376930237,1.0,-97.3602891682208,241272.0,5.8890229041804485,3.1582043827195,1.0,4.0,6.0,7.0,12.0,947214.0,160844.0,topcow_mr_024
0.0010900832726473,0.5773492534284201,-0.9999848008155824,-0.5323953628540039,0.0006791138439439,0.5323953628540039,0.9999848008155824,245.3177900929295,225045.0,5.841811224149655,3.37229816941554,1.0,3.0,5.0,7.0,12.0,876260.0,149998.0,topcow_mr_025
-0.0002016092455183,0.577350245678415,-0.9999976754188538,-0.5275574922561646,-0.0003773930075112,0.5263153314590454,0.9999976754188538,-39.27993252282613,194832.0,5.523860486603018,3.141435598412212,1.0,3.0,5.0,6.0,12.0,717439.0,129880.0,topcow_mr_026
0.0010754778894263,0.5773492806605657,-1.0,-0.5558589696884155,0.0,0.5594532489776611,1.0,266.79380002999096,248070.0,5.6844647866885945,3.0613429516148294,1.0,4.0,5.0,6.0,12.0,940165.0,165392.0,topcow_mr_027
0.0012101826723194,0.5773490157917833,-0.9999916553497314,-0.5344856381416321,2.559339407071093e-10,0.5389382243156433,0.9999621510505676,408.5237850602121,337572.0,5.891220899235828,3.002534807107309,1.0,4.0,6.0,7.0,12.0,1325996.0,225080.0,topcow_mr_028
0.0008496037456045,0.5773447517398199,-0.9999996423721312,-0.5594685077667236,1.3217369996709747e-05,0.5608742833137512,1.0,299.9695944605828,353070.0,5.581517860177412,3.035210556753368,1.0,4.0,5.0,7.0,12.0,1313800.0,235384.0,topcow_mr_029
0.0005855944014366,0.5773499838789476,-0.9999990463256836,-0.5552601218223572,9.030237495266658e-12,0.5585414171218872,0.9999990463256836,124.25024890802524,212178.0,5.415587353656467,3.181850662712129,1.0,3.0,5.0,6.0,12.0,766024.0,141448.0,topcow_mr_030
-0.0002404991377887,0.5773502322511781,-0.9999914765357972,-0.5421770811080933,0.0003052855317946,0.5395737290382385,0.9999914765357972,-56.73422760264612,235902.0,5.199886814528436,2.966651255849029,1.0,4.0,4.0,6.0,12.0,817755.0,157264.0,topcow_mr_031
0.000369523295438,0.5773501631617867,-0.9999987483024596,-0.560110867023468,0.0002575061516836,0.560110867023468,0.999999701976776,90.6765824209433,245388.0,5.563222817183794,2.711354929043299,1.0,4.0,5.0,6.0,12.0,910121.0,163596.0,topcow_mr_032
1.3957123887211044e-05,0.5773502818097972,-1.0,-0.5282180905342102,0.0,0.5303037166595459,1.0,3.1948694005259317,228906.0,5.743932007024718,3.012760459133192,1.0,4.0,6.0,7.0,12.0,876547.0,152604.0,topcow_mr_033
0.0037132526137198,0.5773343189896258,-1.0,-0.5397687554359436,0.0,0.5468519926071167,1.0,800.4138804029935,215556.0,5.8794636644493306,2.8114594017981864,1.0,4.0,6.0,6.0,12.0,844973.0,143716.0,topcow_mr_034
0.0014902941080363,0.5773483574259769,-1.0,-0.5261522531509399,0.0,0.5305625796318054,1.0,172.28992124187062,115608.0,6.43177453677272,3.353307405734897,1.0,4.0,6.0,11.0,12.0,495684.0,77068.0,topcow_mr_035
-0.0002161441247107,0.5773502428578652,-0.9999858140945436,-0.5399777293205261,0.0014926621224731,0.5395812392234802,0.9999858140945436,-69.94899392715342,323622.0,5.295693442835691,3.1030773430568037,1.0,4.0,4.0,6.0,12.0,1142620.0,215764.0,topcow_mr_036
0.0013873186389536,0.5773486154776405,-0.9999997615814208,-0.5466245412826538,0.0007410761900246,0.550655722618103,0.9999995231628418,269.86954556109094,194526.0,5.582073900437974,3.367210549208512,1.0,3.0,5.0,6.0,12.0,723928.0,129688.0,topcow_mr_037
-0.000103134511314,0.5773502688390456,-1.0,-0.5366268157958984,0.0,0.5337588787078857,1.0,-22.07006347962306,213993.0,5.608494999228492,3.3852397077243475,1.0,3.0,5.0,7.0,12.0,799648.0,142578.0,topcow_mr_038
-0.0007968382212329,0.5773458383544741,-0.9999998807907104,-0.5298265814781189,-1.7791215213946998e-05,0.5218550562858582,0.9999998807907104,-177.3379398118459,222552.0,5.447851354448984,2.97801966470696,1.0,4.0,5.0,6.0,12.0,808058.0,148326.0,topcow_mr_039
0.0016481662681994,0.5773479256199571,-0.9999504685401917,-0.5075974464416504,0.001479476923123,0.5128620266914368,0.9998856782913208,349.28928455443383,211926.0,6.176051752448899,3.4893052574871444,1.0,4.0,6.0,8.0,15.0,872602.0,141288.0,topcow_mr_040
0.0007635868511266,0.5773497728632148,-0.9999834299087524,-0.5403087139129639,0.0029072134057059,0.5454229712486267,0.999987006187439,139.64934485514004,182886.0,6.322119800551109,3.2235364126413204,1.0,4.0,6.0,9.0,12.0,770894.0,121936.0,topcow_mr_041
0.0015025823751719,0.5773483262260156,-0.9999994039535522,-0.5286256670951843,0.000473194028018,0.5401915907859802,0.9999822378158568,338.099065402188,225012.0,5.889115537423673,3.120927923504227,1.0,4.0,6.0,7.0,12.0,883438.0,150012.0,topcow_mr_042
-0.0004696014687297,0.5773456732631272,-0.999999701976776,-0.5594026446342468,4.606203439505574e-12,0.5564351677894592,0.999999701976776,-92.04282707397624,196002.0,6.116420743280475,3.5908550857904324,1.0,4.0,6.0,7.0,15.0,799196.0,130664.0,topcow_mr_043
0.0007591695190002,0.5773497830983113,-0.9999991059303284,-0.5498447418212891,8.220942254411057e-05,0.5539144277572632,0.9999945163726808,151.294893441564,199290.0,5.730482627807551,3.1364759074967923,1.0,4.0,6.0,6.0,12.0,761329.0,132856.0,topcow_mr_044
0.0003048693283177,0.5773502014528767,-0.9999673366546632,-0.5065553784370422,3.5416208854499587e-10,0.5096840262413025,0.9999673366546632,65.3194730693856,214254.0,5.724460935312237,3.494442254444118,1.0,3.0,5.0,7.0,12.0,817682.0,142840.0,topcow_mr_045
-2.4884311962725733e-05,0.577350278428998,-0.9999971985816956,-0.5451849699020386,0.000713653920684,0.5481349229812622,0.9999971985816956,-4.805857400737295,193128.0,6.807908068125311,3.81277629935236,1.0,4.0,6.0,11.0,15.0,876205.0,128704.0,topcow_mr_046
0.0004614262021766,0.5773500964851168,-0.9999977946281432,-0.5449227094650269,0.0002038755192188,0.5459438562393188,0.9999793767929076,73.47473987739795,159234.0,6.557151738950224,3.8656897471791103,1.0,3.0,6.0,11.0,12.0,696081.0,106156.0,topcow_mr_047
0.0009052015643899,0.577349571187742,-0.9999307990074158,-0.5318092703819275,0.0026229792274534,0.5348728895187378,0.9999307990074158,242.15590169934148,267516.0,5.873469387755102,3.2376184848386305,1.0,4.0,6.0,7.0,12.0,1047592.0,178360.0,topcow_mr_048
-0.0014452309253772,0.5773484726782431,-1.0,-0.5598852634429932,0.0,0.5594532489776611,1.0,-325.71458411411686,225372.0,6.003995099344804,3.793074670586182,1.0,3.0,5.0,11.0,12.0,901704.0,150184.0,topcow_mr_049
0.001093172282595,0.5773492436470792,-0.9996842741966248,-0.513919472694397,0.005007142201066,0.5169622302055359,0.999765694141388,221.7609292472407,202860.0,5.97608586306882,3.4453388550316,1.0,4.0,6.0,9.0,12.0,807919.0,135192.0,topcow_mr_050
8.894513146604031e-08,0.5773502816807288,-1.0,-0.5543327927589417,4.721163564258557e-12,0.553635835647583,1.0,0.0157208740963596,176748.0,5.801166066942766,3.3852619249950995,1.0,3.0,5.0,7.0,12.0,683563.0,117832.0,topcow_mr_051
-0.0002840018119144,0.5773502127660313,-0.9999646544456482,-0.5338262319564819,0.0020765408407896,0.5326356291770935,0.9999646544456482,-54.190953735029325,190812.0,5.87310546506509,3.632366853712345,1.0,3.0,5.0,7.0,15.0,747106.0,127208.0,topcow_mr_052
0.0005779284185628,0.5773499906692963,-0.9999969005584716,-0.5179943442344666,0.0010036419844254,0.524042010307312,0.99997478723526,141.54969584492935,244926.0,5.94399328776855,3.478882545244379,1.0,4.0,5.0,7.0,12.0,970559.0,163284.0,topcow_mr_053
0.0011937078738196,0.577349049660411,-0.9999991655349731,-0.5404397249221802,0.0009238276979885,0.54784095287323,0.9999991655349731,303.0991410730512,253914.0,5.797636073518113,3.4088315742422326,1.0,4.0,5.0,7.0,12.0,981018.0,169210.0,topcow_mr_054
-7.9275478121438e-05,0.5773502739455638,-0.999855935573578,-0.4864230155944824,0.0026840702630579,0.4865467995405197,0.9999010562896729,-18.16661001535249,229158.0,5.994305835536823,3.5974052075818426,1.0,4.0,5.0,11.0,12.0,915858.0,152788.0,topcow_mr_055
3.0193840666945613e-05,0.5773502813873843,-0.9999999403953552,-0.552739679813385,-4.8454460929714385e-12,0.5557763576507568,0.9999999403953552,7.234202673074833,239592.0,6.052333733974359,3.7882386098587033,1.0,4.0,5.0,7.0,15.0,966824.0,159744.0,topcow_mr_056
-5.587680699129507e-05,0.577350282076423,-0.9998854994773864,-0.551607608795166,-0.0036635568831115,0.5513812303543091,0.9998854994773864,-14.576973777468083,260877.0,5.638107181481396,3.280336805277555,1.0,4.0,5.0,6.0,12.0,980106.0,173836.0,topcow_mr_057
1.478135644690028e-05,0.5773502785900583,-0.9999995827674866,-0.5571510791778564,3.131954508717172e-05,0.5571510791778564,0.9999997615814208,2.6882705156413067,181869.0,5.781023102310231,3.350087867838478,1.0,3.0,5.0,7.0,12.0,700660.0,121200.0,topcow_mr_058
0.0031520094583303,0.5773416776231493,-0.9999988675117492,-0.5535336136817932,-3.239792931708507e-05,0.555837869644165,0.9999998211860656,742.3549636070443,235518.0,5.875860004077056,3.3042993855099136,1.0,4.0,6.0,7.0,12.0,922369.0,156976.0,topcow_mr_059
0.0012689896033225,0.5773409309153158,-0.99989116191864,-0.480114221572876,0.0060260142199695,0.480117917060852,0.999717891216278,276.2793404769618,217716.0,5.956827890312802,3.4730179899714635,1.0,4.0,6.0,7.0,12.0,864574.0,145140.0,topcow_mr_060
0.0009516446459195,0.5773495004090891,-0.9999987483024596,-0.5556502342224121,0.0002533375809434,0.5578895211219788,0.9999966025352478,265.46888713642693,278958.0,5.894550068823125,3.4227208539833973,1.0,3.0,6.0,8.0,12.0,1096292.0,185984.0,topcow_mr_061
0.0003280627708307,0.577350188414792,-0.9999762773513794,-0.4872006773948669,-1.2486831013625022e-10,0.495573490858078,0.9999207854270936,68.3459731727039,208332.0,5.654315831917284,3.42325633862349,1.0,3.0,5.0,7.0,12.0,785294.0,138884.0,topcow_mr_062
-0.0007066734761341,0.5773498500451272,-0.99943608045578,-0.4710133373737335,-0.0019237670348957,0.4706606268882751,0.99943608045578,-123.55479056728656,174840.0,5.9460897017947225,3.4114128226091243,1.0,4.0,6.0,8.0,12.0,693100.0,116564.0,topcow_mr_063
0.0024288057697465,0.5773451723704521,-0.9999994039535522,-0.5467954874038696,0.001059970469214,0.5524173974990845,0.9999994039535522,544.6888395349033,224262.0,6.160094173042967,3.399837964952402,1.0,4.0,6.0,9.0,12.0,921008.0,149512.0,topcow_mr_064
0.000163043669132,0.5773437131720818,-0.9999485611915588,-0.5433419346809387,0.000665060855681,0.5442397594451904,0.9999485611915588,43.15113747249416,264660.0,6.072236579615524,3.136258530085473,1.0,4.0,6.0,8.0,12.0,1071434.0,176448.0,topcow_mr_065
-0.0001499684258444,0.5773502652223862,-0.9999951720237732,-0.552514910697937,0.0001745610061334,0.5527413487434387,0.9999951720237732,-27.48381359396444,183264.0,5.960368648507072,3.2089089815777085,1.0,4.0,6.0,7.0,12.0,728214.0,122176.0,topcow_mr_066
-0.0001946254376484,0.577350250340031,-1.0,-0.538100004196167,-7.042283856756315e-12,0.5388703346252441,1.0,-38.3758545446517,197178.0,5.450164318534522,2.972124658545112,1.0,4.0,5.0,7.0,12.0,716435.0,131452.0,topcow_mr_067
-0.0003442873401391,0.5773501798254439,-0.9999756813049316,-0.3982135355472564,0.0026574493385851,0.3900884389877319,0.9999791383743286,-57.7576441817364,167760.0,5.56073178582925,3.168326492865657,1.0,4.0,4.0,6.0,12.0,621890.0,111836.0,topcow_mr_068
0.0007227030128538,0.5773498266446452,-0.9999947547912598,-0.5351395606994629,0.0008083506254479,0.5377120971679688,0.9999947547912598,133.460119977688,184668.0,5.852783012737198,3.47660235396171,1.0,3.0,5.0,8.0,12.0,720501.0,123104.0,topcow_mr_069
0.0009547746999955,0.5773494895098109,-1.0,-0.5448732972145081,0.0,0.5499719381332397,1.0,191.97845847750432,201072.0,5.657605776690338,3.234289594096097,1.0,4.0,5.0,6.0,12.0,758436.0,134056.0,topcow_mr_070
0.0011574809984485,0.5773491212703564,-0.9996475577354432,-0.513416051864624,0.0026827657129615,0.515694797039032,0.9996475577354432,261.6624694712664,226062.0,5.7614200398142,3.6409345075586,1.0,3.0,5.0,7.0,15.0,868246.0,150700.0,topcow_mr_071
0.0008415693115903,0.5773496695680972,-0.9999971985816956,-0.5490481853485107,6.794757791794837e-05,0.5493195652961731,0.9999983310699464,167.9334729892253,199548.0,5.522918608496949,2.998961406010097,1.0,4.0,5.0,6.0,12.0,734747.0,133036.0,topcow_mr_072
-0.0002128635980238,0.5773502403182842,-0.9998959302902222,-0.5359122157096863,0.0034079132601618,0.5342157483100891,0.9999906420707704,-54.823019671046495,257550.0,6.066365754222481,3.67334585709692,1.0,4.0,6.0,11.0,12.0,1041595.0,171700.0,topcow_mr_073
9.41675815917953e-05,0.5773502723535899,-0.9999585747718812,-0.5176522135734558,-7.39672759664245e-05,0.5176522135734558,0.9999806880950928,20.48144899621548,217500.0,5.74566218862928,2.9854039996559854,1.0,4.0,6.0,6.0,12.0,833144.0,145004.0,topcow_mr_074
0.0011829162510941,0.5773490695115399,-0.999944508075714,-0.5260886549949646,0.001270294538699,0.5358778238296509,0.999925136566162,280.24468904671085,236910.0,5.954341108831649,3.45792874290264,1.0,4.0,6.0,7.0,12.0,940381.0,157932.0,topcow_mr_075
0.0004264382942312,0.5773501225967915,-0.9999956488609314,-0.5404872298240662,0.0017938335658982,0.5404872298240662,0.9999956488609314,114.32981243658652,268104.0,5.65901257777181,3.186150270792561,1.0,4.0,5.0,7.0,12.0,1011424.0,178728.0,topcow_mr_076
-0.0004328780469618,0.5773501188397879,-1.0,-0.5560218691825867,0.0,0.5594532489776611,1.0,-122.4845749000492,282954.0,6.11231438268986,3.769270530066237,1.0,4.0,6.0,9.0,15.0,1152538.0,188560.0,topcow_mr_077
-8.071403567561721e-06,0.5773502808762337,-0.9999566078186036,-0.5269785523414612,-0.00096598273376,0.527580201625824,0.9999532103538512,-2.0768528519693064,257310.0,6.028151525044305,3.036340784459791,1.0,4.0,6.0,7.0,12.0,1034045.0,171536.0,topcow_mr_078
0.0002428868246383,0.5773463440089011,-0.9999980926513672,-0.5622323751449585,3.217580888303928e-05,0.5627678632736206,0.9999982118606568,54.15841838421693,222978.0,5.727524688534295,2.815814503408114,1.0,4.0,6.0,6.0,12.0,851408.0,148652.0,topcow_mr_079
0.0008527449826095,0.5773496501747554,-1.0,-0.511259913444519,0.0,0.520193874835968,1.0,189.8312660686788,222612.0,5.589833432159991,3.230609630507665,1.0,3.0,5.0,6.0,12.0,829576.0,148408.0,topcow_mr_080
0.0011045079514867,0.5773492235623989,-0.9999983906745912,-0.5531738996505737,1.4565279343514703e-05,0.5567435026168823,1.0,286.52703474287455,259416.0,5.518219770561569,3.0960401480575506,1.0,4.0,5.0,6.0,12.0,954343.0,172944.0,topcow_mr_081
0.000184455592964,0.57735025340825,-0.9999999403953552,-0.5533751249313354,-2.4841070866976617e-10,0.5554583668708801,0.9999999403953552,52.81443211101123,286326.0,6.064644919259345,3.221368425242562,1.0,4.0,6.0,7.0,12.0,1157486.0,190858.0,topcow_mr_082
0.0005041130294016,0.5773500624416856,-0.9997414350509644,-0.4682285189628601,0.0046982406638562,0.4637765884399414,0.9997414350509644,99.89604613228585,198162.0,5.5614515836008,2.9941164576431314,1.0,4.0,6.0,6.0,12.0,734690.0,132104.0,topcow_mr_083
0.0008612014436226,0.5773496395072885,-0.999948263168335,-0.5373057723045349,0.003638346097432,0.541036069393158,0.999948263168335,244.41413690875925,283806.0,5.991982877074305,3.5754013126026383,1.0,4.0,6.0,7.0,15.0,1133803.0,189220.0,topcow_mr_084
-0.0004692946221789,0.5773500921649474,-0.9999998807907104,-0.5516603589057922,-0.0001413563586538,0.5525045990943909,0.9999988079071044,-90.34672348340791,192516.0,5.442078922340541,2.943428350535961,1.0,4.0,5.0,6.0,12.0,698099.0,128278.0,topcow_mr_085
0.0002244376984176,0.5773502390316413,-0.9999925494194032,-0.5553061366081238,0.0007658170652575,0.556132972240448,0.9999925494194032,61.82630165850787,275472.0,5.916229254693557,3.026257031996226,1.0,4.0,6.0,7.0,12.0,1086551.0,183656.0,topcow_mr_086
0.0020388619549275,0.5773466807517519,-0.9999854564666748,-0.5439112186431885,9.214209421770649e-05,0.5522093176841736,1.0,391.8040241545241,192168.0,5.391724170231368,3.366891674747477,1.0,3.0,5.0,6.0,12.0,690723.0,128108.0,topcow_mr_087
-3.678676884013556e-05,0.57735028028678,-0.9999923706054688,-0.5261635780334473,0.0003225582768209,0.5267721563577652,0.9999923706054688,-7.437843218249327,202188.0,5.338130990889397,3.093328427055307,1.0,3.0,5.0,6.0,12.0,719516.0,134788.0,topcow_mr_088
-0.0005637888989746,0.5773500061028969,-0.999979555606842,-0.552191972732544,-0.0006161605124361,0.5479928851127625,0.999979555606842,-119.80965134329745,212508.0,5.481379524535547,2.976934405545763,1.0,4.0,5.0,6.0,12.0,776558.0,141672.0,topcow_mr_089
0.0018516804780215,0.5773473131061241,-0.9999628663063048,-0.521461009979248,0.0083023086190223,0.5286530256271362,0.9999628663063048,444.2811038136133,239934.0,5.844962112686623,3.4986049566003845,1.0,4.0,6.0,7.0,15.0,934890.0,159948.0,topcow_mr_090
-0.000114434594634,0.5773502730084201,-0.9999998211860656,-0.4760802686214447,-5.284695726004429e-05,0.4781496822834015,0.9999748468399048,-27.971705704785563,244434.0,5.57715011536007,2.959711381350842,1.0,4.0,5.0,6.0,12.0,908897.0,162968.0,topcow_mr_131
8.930099293864807e-05,0.5773502737632535,-0.9996994137763976,-0.5142388939857483,-0.0005303874495439,0.5200339704751968,0.9996994137763976,16.764296802386525,187728.0,6.101312046536901,3.363011278628309,1.0,4.0,6.0,9.0,12.0,763567.0,125148.0,topcow_mr_132
0.0009756418102662,0.5773494571109358,-0.9999988675117492,-0.5248429626226425,8.049293870326935e-11,0.5243135094642639,0.9999988675117492,230.89929338486215,236664.0,5.859081115335869,3.1300653616698244,1.0,4.0,6.0,7.0,12.0,924563.0,157800.0,topcow_mr_133
-0.001192376201785,0.5773490516057597,-0.9999868273735046,-0.515264093875885,-0.0031162404920905,0.5088756680488586,0.9999868273735046,-271.74015163440345,227898.0,5.678415343706395,3.279270960884169,1.0,4.0,6.0,7.0,12.0,862733.0,151932.0,topcow_mr_134
-0.0007763647264112,0.5773497589383383,-0.999999463558197,-0.5156100988388062,-4.03012745664455e-05,0.5155616402626038,0.9999936819076538,-173.58971827248024,223593.0,5.989023081052067,3.1357611728450654,1.0,4.0,6.0,8.0,12.0,892604.0,149040.0,topcow_mr_135
-2.369317306203129e-05,0.5773502796725625,-0.9999994039535522,-0.5585768818855286,-0.0001057890694937,0.5614624619483948,0.9999994039535522,-6.706068317131212,283038.0,5.891393746687864,3.227460854737655,1.0,4.0,5.0,7.0,12.0,1111706.0,188700.0,topcow_mr_136
-0.0012983203972654,0.5773488229764288,-0.9999998211860656,-0.5046979188919067,-0.0005198108847253,0.5001855492591858,0.9999998211860656,-329.1943300082421,253554.0,5.684302683261559,3.077135920386082,1.0,4.0,5.0,7.0,12.0,960920.0,169048.0,topcow_mr_137
0.0001453079763855,0.5773502645550903,-0.9999853372573853,-0.5572373867034912,-0.000214695566683,0.5584688782691956,0.9999938011169434,37.59233595474507,258708.0,5.748161977874156,3.174335591651446,1.0,4.0,5.0,7.0,12.0,991374.0,172468.0,topcow_mr_138
3.763167270739591e-05,0.577350281166275,-0.9997660517692566,-0.511116087436676,-0.0054575302638113,0.5138082355260849,0.999782145023346,7.678215972526232,204036.0,5.770209074602287,3.425100597984787,1.0,4.0,5.0,7.0,12.0,784910.0,136028.0,topcow_mr_139
0.0009788121335125,0.5773494491148446,-0.999997854232788,-0.5435632467269897,0.0008682962507009,0.5449937582015991,0.9999921321868896,194.7150977196511,198930.0,5.730267523223549,3.4394591008754785,1.0,3.0,4.0,8.0,12.0,759971.0,132624.0,topcow_mr_140
-0.0025632741980798,0.5773445928872247,-0.9994065165519714,-0.5335540771484375,-0.0025220089592039,0.5227257013320923,0.9993946552276612,-752.3414833300267,293508.0,5.928564127201546,3.177294365469696,1.0,4.0,6.0,7.0,12.0,1159971.0,195658.0,topcow_mr_141
0.000365169740663,0.5773501676113715,-0.9999982714653016,-0.55830979347229,-0.0002636354183778,0.5576474070549011,0.9999908804893494,84.49224425514376,231378.0,6.009802141949537,3.3322129664302373,1.0,4.0,6.0,7.0,12.0,927024.0,154252.0,topcow_mr_142
-0.0001398788214762,0.5773502659943839,-0.999999225139618,-0.5397264957427979,-0.0007648374303244,0.5403319001197815,0.999999225139618,-29.925115551337512,213936.0,6.022464032307822,3.5957158632857595,1.0,4.0,4.0,10.0,12.0,858972.0,142628.0,topcow_mr_143
0.0003900438916365,0.5773501480903739,-1.0,-0.5598852634429932,0.0,0.5598852634429932,1.0,99.12419444495026,254136.0,5.965394513174049,3.1998527587937957,1.0,4.0,6.0,7.0,12.0,1010681.0,169424.0,topcow_mr_144
1.928701581191905e-05,0.5773502792366546,-0.9999874830245972,-0.4401648640632629,-1.9205259604859748e-10,0.4372402429580688,0.9999874830245972,3.767911409016506,195360.0,5.749454819092082,3.4163163235100806,1.0,4.0,6.0,7.0,12.0,748763.0,130232.0,topcow_mr_145
0.0004118440881521,0.5773501346463791,-0.9999901056289672,-0.538930356502533,0.0002328136324649,0.5399885922670364,0.9999991059303284,130.568578643215,317034.0,5.510995457986374,3.183596689458326,1.0,4.0,5.0,6.0,12.0,1164804.0,211360.0,topcow_mr_146
0.000414176074024,0.5773501347617792,-0.999998152256012,-0.5560371279716492,0.0001015258676488,0.5601681470870972,0.9999934434890748,110.27562223712266,266253.0,5.40075381131055,3.2104923001560826,1.0,3.0,4.0,6.0,12.0,958623.0,177498.0,topcow_mr_147
-0.0008816424717396,0.5773496049776926,-1.0,-0.5589035749435425,0.0,0.5582093596458435,1.0,-226.5539026779934,256968.0,5.959402507646688,3.2937123383510856,1.0,4.0,6.0,7.0,12.0,1020941.0,171316.0,topcow_mr_148
0.000254923816943,0.577350226511467,-0.9999991059303284,-0.5561866164207458,0.0003179958148393,0.5558187365531921,0.9999748468399048,54.1075801461584,212250.0,5.762494699646643,3.1368652167061777,1.0,4.0,5.0,7.0,12.0,815393.0,141500.0,topcow_mr_149
-0.0006166618650514,0.5773499527928174,-1.0,-0.5190674662590027,-3.715583079722689e-16,0.5148118138313293,1.0,-119.24452150686216,193371.0,6.037501939487975,3.2843148354149263,1.0,4.0,6.0,7.0,12.0,778234.0,128900.0,topcow_mr_150
-0.0009241417829594,0.5773495397668701,-0.999999225139618,-0.5480053424835205,-6.882310117362067e-05,0.5443534255027771,0.999999225139618,-172.63338162395848,186804.0,6.091777742090894,3.1329219234522743,1.0,4.0,6.0,7.0,12.0,758670.0,124540.0,topcow_mr_151
0.0011628901403687,0.5773491120170494,-0.9999645352363586,-0.5324990004301071,0.0020378637127578,0.5357356071472168,0.9999645352363586,212.85773707337285,183042.0,5.97976139752876,3.574006769717937,1.0,3.0,5.0,9.0,12.0,729794.0,122044.0,topcow_mr_152
0.0004439681494716,0.5773501092455084,-1.0,-0.551520049571991,0.0,0.552666962146759,1.0,86.44059870212368,194700.0,5.787605165028198,3.2138999150719987,1.0,4.0,5.0,7.0,12.0,751208.0,129796.0,topcow_mr_153
0.0002022361532569,0.5773502461098446,-0.9999405145645142,-0.5260658264160156,0.0007918280316516,0.526970624923706,0.9999405145645142,52.04830534681605,257364.0,5.544932621467873,3.1399793600509724,1.0,4.0,5.0,6.0,12.0,951333.0,171568.0,topcow_mr_154
0.0014141345131978,0.5773485510897746,-0.9999808669090272,-0.5508561134338379,0.0035987414885312,0.5554196834564209,0.9999808669090272,417.8258398074904,295464.0,5.873761320716404,3.132868863021504,1.0,4.0,6.0,7.0,12.0,1157037.0,196984.0,topcow_mr_155
0.0005707297935602,0.5773499995225982,-0.9999269247055054,-0.5574992299079895,0.000102101759694,0.5572593212127686,0.9999269247055054,123.02765575942612,215562.0,5.777792468060233,3.3018773552484344,1.0,4.0,6.0,7.0,12.0,830315.0,143708.0,topcow_mr_156
0.0002118196977715,0.5773502435615995,-0.9999958276748656,-0.5679711103439331,0.0005754363955929,0.5670458078384399,0.9999952912330629,59.53997520719713,281088.0,5.931699820712029,3.053459266817727,1.0,4.0,6.0,7.0,12.0,1111648.0,187408.0,topcow_mr_157
7.046754253105193e-05,0.5773502781744327,-0.9998560547828674,-0.5140314698219299,-0.0002941104467026,0.5131976008415222,0.9998560547828674,17.0500447206432,241956.0,5.489027202618593,3.392827751038548,0.0,3.0,5.0,7.0,12.0,885424.0,161308.0,topcow_mr_158
0.0001054359777531,0.5773502711735158,-0.9999999403953552,-0.5546470880508423,7.427592395303773e-12,0.5560302138328552,0.9999999403953552,22.49012667060288,213306.0,6.412414559365419,3.967896085175788,1.0,3.0,6.0,11.0,15.0,911871.0,142204.0,topcow_mr_159
-0.0010468671974477,0.577349332157147,-0.9999990463256836,-0.5578025579452515,-8.361579602933489e-05,0.5565438866615295,0.9999990463256836,-246.6942550785534,235650.0,6.019203350561397,3.074715092407597,1.0,4.0,6.0,7.0,12.0,945665.0,157108.0,topcow_mr_160
0.0006795620677611,0.577349881810839,-0.999977171421051,-0.5311064720153809,-0.0012593560386449,0.5328584909439087,0.999977171421051,243.01547280378875,357606.0,5.650218120805369,3.267739652365957,1.0,4.0,6.0,7.0,12.0,1347012.0,238400.0,topcow_mr_161
0.0013196120864946,0.5773487730248875,-0.9999760389328004,-0.4705076813697815,0.0013780751032754,0.4793605208396911,0.9999760389328004,240.99811613234124,182628.0,6.051425896113283,3.63382854752492,1.0,4.0,6.0,7.0,15.0,736749.0,121748.0,topcow_mr_162
-0.0001002445930887,0.5773502747013123,-0.9999982118606568,-0.539747416973114,-0.0001862169010564,0.5381359457969666,0.9999906420707704,-26.972211194841293,269064.0,5.746671647116543,3.0687381174875994,1.0,4.0,6.0,7.0,12.0,1030769.0,179368.0,topcow_mr_163
0.0008988683145119,0.5773495793431398,-0.9999976754188538,-0.5143576860427856,9.123769448282635e-12,0.5234462022781372,0.9999976754188538,218.93196215579928,243564.0,5.68730755019091,3.351411988391075,1.0,3.0,5.0,7.0,12.0,923505.0,162380.0,topcow_mr_164
0.0009411198068521,0.577349514170646,-1.0,-0.5571272969245911,0.0,0.5594532489776611,1.0,245.666149901459,261036.0,5.621130111011515,3.1082330938781406,1.0,4.0,5.0,6.0,12.0,978279.0,174036.0,topcow_mr_165
