source_file,bbox_x,bbox_y,bbox_z,bbox_volume,n_points,n_cells,pt::Normals_mean,pt::Normals_std,pt::Normals_min,pt::Normals_p25,pt::Normals_median,pt::Normals_p75,pt::Normals_max,pt::Normals_sum,pt::Normals_count,cell::labels_mean,cell::labels_std,cell::labels_min,cell::labels_p25,cell::labels_median,cell::labels_p75,cell::labels_max,cell::labels_sum,cell::labels_count,case_id
cow_dataset/CoW_Centerline_Data/cow_meshes/topcow_ct_001.vtp,62.179677963256836,48.08670902252197,38.555580139160156,115281.80464122185,57390.0,114788.0,0.0004531146274962229,0.5773500984187053,-1.0,-0.24253563582897186,0.0,0.24253563582897186,1.0,78.0127454160247,172170.0,6.099348363940481,4.124680525196788,1.0,3.0,4.0,11.0,12.0,700132.0,114788.0,topcow_ct_001
cow_dataset/CoW_Centerline_Data/cow_meshes/topcow_ct_002.vtp,64.40619468688965,39.19425964355469,24.5052490234375,61859.901760353256,55566.0,111136.0,0.00032941370387794874,0.5773501827151091,-1.0,-0.24253563582897186,0.0,0.24253563582897186,1.0,54.912605609046295,166698.0,6.2139990642096175,3.689130056511234,1.0,3.0,5.0,11.0,12.0,690599.0,111136.0,topcow_ct_002
cow_dataset/CoW_Centerline_Data/cow_meshes/topcow_ct_003.vtp,70.73721313476562,68.05343627929688,32.64607238769531,157155.2682560299,77520.0,155044.0,0.0007215613467376702,0.5773498250060258,-1.0,-0.16439898312091827,0.0,0.1961161345243454,1.0,167.80630679731257,232560.0,6.384542452465107,3.7287967632297936,1.0,3.0,6.0,11.0,12.0,989885.0,155044.0,topcow_ct_003
cow_dataset/CoW_Centerline_Data/cow_meshes/topcow_ct_004.vtp,64.72243928909302,61.659820556640625,34.552589416503906,137891.57521876457,65776.0,131560.0,0.00066146853754038,0.5773498991746112,-1.0,-0.3837636709213257,0.0,0.40824830532073975,1.0,130.5262635757681,197328.0,6.5146701124962,3.8872210033565717,1.0,3.0,6.0,11.0,12.0,857070.0,131560.0,topcow_ct_004
cow_dataset/CoW_Centerline_Data/cow_meshes/topcow_ct_005.vtp,56.94733428955078,42.64154052734375,26.635826110839844,64680.36421203814,62112.0,124220.0,0.00027166633954263755,0.5773502144096467,-1.0,-0.40824830532073975,0.0,0.40824830532073975,1.0,50.621219045016915,186336.0,5.863041378199968,3.1847918415431855,1.0,4.0,6.0,7.0,12.0,728307.0,124220.0,topcow_ct_005
cow_dataset/CoW_Centerline_Data/cow_meshes/topcow_ct_006.vtp,57.70840644836426,43.5814208984375,32.55066680908203,81865.39415308947,47202.0,94404.0,0.0013658916047355402,0.5773486604142555,-1.0,-0.16439898312091827,0.0,0.1961161345243454,1.0,193.4184465801809,141606.0,6.635566289564002,4.144750236295545,1.0,3.0,6.0,11.0,15.0,626424.0,94404.0,topcow_ct_006
cow_dataset/CoW_Centerline_Data/cow_meshes/topcow_ct_007.vtp,66.20513153076172,58.18975830078125,27.267745971679688,105047.91706250695,67214.0,134436.0,-0.00036516384396555657,0.5773501604652382,-1.0,-0.16439898312091827,0.0,0.16439898312091827,1.0,-73.63236782490276,201642.0,6.271266625011158,3.6559335720918473,1.0,3.0,6.0,11.0,12.0,843084.0,134436.0,topcow_ct_007
cow_dataset/CoW_Centerline_Data/cow_meshes/topcow_ct_008.vtp,63.707088470458984,42.583587646484375,22.0118408203125,59715.403164662464,47014.0,94032.0,-0.0008932720549925927,0.5773495856578732,-1.0,-0.2357022613286972,0.0,0.2357022613286972,1.0,-125.98887718026526,141042.0,5.9257274119448695,3.5122347478726925,1.0,3.0,5.0,8.0,12.0,557208.0,94032.0,topcow_ct_008
cow_dataset/CoW_Centerline_Data/cow_meshes/topcow_ct_009.vtp,63.46009063720703,54.173370361328125,31.842010498046875,109467.9600498367,50618.0,101236.0,-0.0003231119416787049,0.5773501867299177,-1.0,-0.2357022613286972,0.0,0.2357022613286972,1.0,-49.065840791678056,151854.0,6.565095420601367,3.5988933136282326,1.0,4.0,6.0,11.0,12.0,664624.0,101236.0,topcow_ct_009
cow_dataset/CoW_Centerline_Data/cow_meshes/topcow_ct_010.vtp,45.13517761230469,40.04644775390625,30.27264404296875,54717.91103410914,48242.0,96480.0,-0.0005355632492750848,0.5773500287182403,-1.0,-0.24253563582897186,0.0,0.24253563582897186,1.0,-77.50992681458592,144726.0,6.347989220563847,3.629567817318473,1.0,3.0,6.0,11.0,12.0,612454.0,96480.0,topcow_ct_010
cow_dataset/CoW_Centerline_Data/cow_meshes/topcow_ct_011.vtp,50.675851821899414,38.114593505859375,34.77497863769531,67167.50584948319,53928.0,107872.0,-0.00037711796206592085,0.5773501543626508,-1.0,-0.3651483654975891,0.0,0.24253563582897186,1.0,-61.01165237487294,161784.0,6.321093518243845,3.7613139962057818,1.0,4.0,6.0,10.0,15.0,681869.0,107872.0,topcow_ct_011
cow_dataset/CoW_Centerline_Data/cow_meshes/topcow_ct_012.vtp,68.21939277648926,56.70208740234375,27.902130126953125,107930.51673042761,61860.0,123724.0,0.00017812063122772003,0.5773502490993848,-1.0,-0.40824830532073975,0.0,0.40824830532073975,1.0,33.05562674324028,185580.0,6.505415279169765,3.596260270858021,1.0,4.0,6.0,11.0,12.0,804876.0,123724.0,topcow_ct_012
cow_dataset/CoW_Centerline_Data/cow_meshes/topcow_ct_013.vtp,55.9603271484375,57.687408447265625,32.638946533203125,105365.25116104273,43028.0,86064.0,-0.00023896466314038306,0.5773502285107238,-1.0,-0.30151134729385376,0.0,0.3162277638912201,1.0,-30.846514576813206,129084.0,6.765732478155791,3.786587483994313,1.0,4.0,6.0,11.0,12.0,582286.0,86064.0,topcow_ct_013
cow_dataset/CoW_Centerline_Data/cow_meshes/topcow_ct_014.vtp,61.20149040222168,52.33964538574219,31.775737762451172,101786.08653095867,47462.0,94932.0,-0.0005136571816214341,0.5773500472262393,-1.0,-0.1270001232624054,0.0,0.16222141683101654,1.0,-73.13759146234952,142386.0,6.785056672144272,4.124657499989129,1.0,3.0,6.0,11.0,15.0,644119.0,94932.0,topcow_ct_014
cow_dataset/CoW_Centerline_Data/cow_meshes/topcow_ct_015.vtp,57.50385284423828,40.563262939453125,32.533477783203125,75885.76524504967,50034.0,100076.0,0.00023813793237412447,0.5773502278178788,-1.0,-0.2357022613286972,0.0,0.2357022613286972,1.0,35.74497992522083,150102.0,6.650765418282106,3.738232467809115,1.0,3.0,6.0,11.0,12.0,665582.0,100076.0,topcow_ct_015
cow_dataset/CoW_Centerline_Data/cow_meshes/topcow_ct_016.vtp,59.2100887298584,51.42439270019531,22.87189483642578,69641.32556517217,47578.0,95156.0,0.0003950025263663579,0.5773501425840702,-1.0,-0.40824830532073975,0.0,0.40824830532073975,1.0,56.38029059837572,142734.0,5.9561982428853675,3.7805260333652395,1.0,3.0,5.0,11.0,12.0,566768.0,95156.0,topcow_ct_016
cow_dataset/CoW_Centerline_Data/cow_meshes/topcow_ct_017.vtp,56.4507999420166,56.20582580566406,35.02850341796875,111140.67144844931,48258.0,96528.0,-0.0016652822207489924,0.5773119861324669,-1.0,-0.5499719381332397,0.0,0.5488604307174683,1.0,-241.08956822671462,144774.0,6.063504889772916,3.6966111029511994,1.0,3.0,5.0,11.0,12.0,585298.0,96528.0,topcow_ct_017
cow_dataset/CoW_Centerline_Data/cow_meshes/topcow_ct_018.vtp,62.241119384765625,47.15327453613281,28.01824188232422,82229.97011442945,56180.0,112364.0,0.0002592820920826191,0.5773502189628694,-1.0,-0.2357022613286972,0.0,0.24253563582897186,1.0,43.699403799604625,168540.0,5.960859349969741,3.687230662749207,1.0,3.0,5.0,9.0,12.0,669786.0,112364.0,topcow_ct_018
cow_dataset/CoW_Centerline_Data/cow_meshes/topcow_ct_019.vtp,64.21016120910645,55.67237854003906,33.0517578125,118151.18956070617,59394.0,118792.0,0.0013592046784039495,0.5773486768412487,-1.0,-0.2357022613286972,0.0,0.24253563582897186,1.0,242.18580800737254,178182.0,6.5919001279547444,3.607293428931018,1.0,4.0,6.0,11.0,12.0,783065.0,118792.0,topcow_ct_019
cow_dataset/CoW_Centerline_Data/cow_meshes/topcow_ct_020.vtp,59.446516036987305,44.14045715332031,25.022136688232422,65657.99644121814,40290.0,80572.0,-0.00012501464094749365,0.5773502637310943,-1.0,-0.2357022613286972,0.0,0.2357022613286972,1.0,-15.110519651323557,120870.0,5.953532244452167,3.839614619980253,1.0,3.0,5.0,11.0,12.0,479688.0,80572.0,topcow_ct_020
cow_dataset/CoW_Centerline_Data/cow_meshes/topcow_ct_021.vtp,64.6609992980957,55.659515380859375,30.6390380859375,110269.89454700598,87520.0,175036.0,-0.0004234486472336272,0.577350121983109,-1.0,-0.40824830532073975,0.0,0.40824830532073975,1.0,-111.18067681766115,262560.0,5.8542071345323246,3.7181583940745773,1.0,3.0,5.0,8.0,12.0,1024697.0,175036.0,topcow_ct_021
cow_dataset/CoW_Centerline_Data/cow_meshes/topcow_ct_022.vtp,70.23258399963379,44.63401794433594,36.029449462890625,112943.76399199972,89686.0,179368.0,-0.0009646514210251826,0.5773494706803217,-1.0,-0.24253563582897186,0.0,0.24253563582897186,1.0,-259.54718203819357,269058.0,6.85490165469872,4.251014664428279,1.0,3.0,6.0,11.0,15.0,1229550.0,179368.0,topcow_ct_022
cow_dataset/CoW_Centerline_Data/cow_meshes/topcow_ct_023.vtp,62.210920333862305,48.661376953125,31.2845458984375,94706.73738418613,47602.0,95192.0,3.2497734815474856e-05,0.5773502770133924,-1.0,-0.3333333432674408,0.0,0.24253563582897186,1.0,4.640871518058702,142806.0,5.924720564753341,3.454901581869575,1.0,3.0,5.0,8.0,12.0,563986.0,95192.0,topcow_ct_023
cow_dataset/CoW_Centerline_Data/cow_meshes/topcow_ct_024.vtp,69.23219203948975,39.6358642578125,39.288330078125,107810.23302860976,48670.0,97332.0,-0.0006692404425078855,0.5773498886653435,-1.0,-0.16439898312091827,0.0,0.16439898312091827,1.0,-97.71579701057635,146010.0,6.255661036452554,3.3891832059185996,1.0,4.0,6.0,7.0,12.0,608876.0,97332.0,topcow_ct_024
cow_dataset/CoW_Centerline_Data/cow_meshes/topcow_ct_025.vtp,68.2229995727539,53.11906433105469,43.792518615722656,158701.54325654692,71160.0,142320.0,7.137369602980224e-05,0.5773502725788305,-1.0,-0.24253563582897186,0.0,0.24253563582897186,1.0,15.236856628442183,213480.0,6.451566891512085,3.8822213267171812,1.0,3.0,6.0,11.0,12.0,918187.0,142320.0,topcow_ct_025
cow_dataset/CoW_Centerline_Data/cow_meshes/topcow_ct_026.vtp,61.697195053100586,38.60615539550781,36.04057312011719,85844.73475865336,47728.0,95452.0,-0.002137878477920572,0.5773463183037778,-1.0,-0.2357022613286972,0.0,0.1961161345243454,1.0,-306.10999198257923,143184.0,5.635555043372586,3.5385773559256877,1.0,3.0,5.0,7.0,12.0,537925.0,95452.0,topcow_ct_026
cow_dataset/CoW_Centerline_Data/cow_meshes/topcow_ct_027.vtp,56.186166763305664,50.63734436035156,26.785974502563477,76209.26556240003,47976.0,95948.0,0.00017755508134928926,0.5773502488127301,-1.0,-0.2357022613286972,0.0,0.2357022613286972,1.0,25.555147748440504,143928.0,6.485502563888773,3.848163616358835,1.0,3.0,6.0,11.0,12.0,622271.0,95948.0,topcow_ct_027
cow_dataset/CoW_Centerline_Data/cow_meshes/topcow_ct_028.vtp,64.96910858154297,51.188323974609375,32.98098278045654,109683.52788551572,73802.0,147608.0,-0.0005764292634389571,0.5773499880895847,-1.0,-0.1961161345243454,0.0,0.16439898312091827,1.0,-127.62489750096574,221406.0,6.469452875182917,3.626886042014115,1.0,3.0,6.0,11.0,12.0,954943.0,147608.0,topcow_ct_028
cow_dataset/CoW_Centerline_Data/cow_meshes/topcow_ct_029.vtp,66.09505462646484,52.168487548828125,31.267250061035156,107811.94939629125,68522.0,137044.0,-0.0002475721119014927,0.5773502240799495,-1.0,-0.24253563582897186,0.0,0.24253563582897186,1.0,-50.89240875514224,205566.0,5.985391553077844,3.6245399538279974,1.0,3.0,5.0,10.0,12.0,820262.0,137044.0,topcow_ct_029
cow_dataset/CoW_Centerline_Data/cow_meshes/topcow_ct_030.vtp,63.71234130859375,46.1656494140625,38.2880859375,112617.57465780209,60018.0,120032.0,9.863186991178123e-05,0.577350268384964,-1.0,-0.24253563582897186,0.0,0.24253563582897186,1.0,17.759062705095857,180054.0,5.9410240602506,3.6343051235909254,1.0,3.0,5.0,9.0,12.0,713113.0,120032.0,topcow_ct_030
cow_dataset/CoW_Centerline_Data/cow_meshes/topcow_ct_031.vtp,66.72689247131348,43.56382751464844,21.260414123535156,61801.44782221805,49568.0,99128.0,-0.00040651971810997474,0.5773501341639793,-1.0,-0.3162277638912201,0.0,0.24253563582897186,1.0,-60.45110816182569,148704.0,5.701396174642886,3.659983861931249,1.0,3.0,5.0,7.0,12.0,565168.0,99128.0,topcow_ct_031
cow_dataset/CoW_Centerline_Data/cow_meshes/topcow_ct_032.vtp,57.69892883300781,48.11720275878906,34.56820487976074,95972.0894498494,48162.0,96324.0,0.00022824903123948125,0.5773502330009578,-1.0,-0.40824830532073975,0.0,0.40824830532073975,1.0,32.978789527667686,144486.0,6.082544329554421,3.590843365809233,1.0,3.0,5.0,9.0,12.0,585895.0,96324.0,topcow_ct_032
cow_dataset/CoW_Centerline_Data/cow_meshes/topcow_ct_033.vtp,64.46195793151855,39.8465576171875,25.539308547973633,65599.93901135556,51434.0,102868.0,0.0007241217529967719,0.5773498247172647,-1.0,-0.40824830532073975,0.0,0.40824830532073975,1.0,111.7334347309079,154302.0,5.661955126958821,3.5551127584600164,1.0,3.0,5.0,9.0,12.0,582434.0,102868.0,topcow_ct_033
cow_dataset/CoW_Centerline_Data/cow_meshes/topcow_ct_034.vtp,55.67018222808838,45.830322265625,24.521541595458984,62563.8294537861,49204.0,98404.0,4.201513293049308e-05,0.5773502763711282,-1.0,-0.40824830532073975,0.0,0.40824830532073975,1.0,6.201937802135944,147612.0,6.124883134831918,3.4851656094936203,1.0,3.0,6.0,9.0,12.0,602713.0,98404.0,topcow_ct_034
cow_dataset/CoW_Centerline_Data/cow_meshes/topcow_ct_035.vtp,55.952534675598145,36.14808654785156,27.495330810546875,55611.42552018783,33956.0,67908.0,-3.7826090815153466e-05,0.5773502767825176,-1.0,-0.3333333432674408,0.0,0.3333333432674408,1.0,-3.8532682191580534,101868.0,6.7090180832891555,3.6710874943460294,1.0,4.0,6.0,11.0,12.0,455596.0,67908.0,topcow_ct_035
cow_dataset/CoW_Centerline_Data/cow_meshes/topcow_ct_036.vtp,62.45378303527832,42.12615966796875,30.521860599517822,80301.12398115227,59214.0,118424.0,-0.0015770040152800087,0.5773481269167563,-1.0,-0.44721361994743347,0.0,0.44721361994743347,1.0,-280.1421472823713,177642.0,6.050817401877998,3.956407846603827,1.0,2.0,5.0,11.0,12.0,716562.0,118424.0,topcow_ct_036
cow_dataset/CoW_Centerline_Data/cow_meshes/topcow_ct_037.vtp,51.901432037353516,36.4930419921875,25.00006103515625,47351.144072942036,47764.0,95528.0,-0.0008213750842977511,0.5773496955992047,-1.0,-0.44721361994743347,0.0,0.44721361994743347,1.0,-117.69647857919335,143292.0,5.659649526840298,3.722287807901616,1.0,3.0,5.0,9.0,12.0,540655.0,95528.0,topcow_ct_037
cow_dataset/CoW_Centerline_Data/cow_meshes/topcow_ct_038.vtp,59.19752883911133,40.68101501464844,23.499366760253906,56591.54067123888,48512.0,97020.0,1.9000365638591657e-05,0.5773502771703289,-1.0,-0.24253563582897186,0.0,0.24253563582897186,1.0,2.765237213578075,145536.0,5.39700061842919,3.605585189629838,1.0,3.0,5.0,7.0,12.0,523617.0,97020.0,topcow_ct_038
cow_dataset/CoW_Centerline_Data/cow_meshes/topcow_ct_039.vtp,65.45168209075928,35.80328369140625,40.050140380859375,93852.90390252636,50202.0,100404.0,0.0002083833248068319,0.5773502403919071,-1.0,-0.40824830532073975,0.0,0.40824830532073975,1.0,31.383779015857726,150606.0,5.7985239631887175,3.585300783812066,1.0,3.0,5.0,8.0,12.0,582195.0,100404.0,topcow_ct_039
cow_dataset/CoW_Centerline_Data/cow_meshes/topcow_ct_040.vtp,61.215158462524414,46.08357238769531,34.41864013671875,97095.43767785699,60634.0,121268.0,2.511179497852004e-05,0.5773502764582029,-1.0,-0.3333333432674408,0.0,0.3333333432674408,1.0,4.567885730182752,181902.0,6.551901573374674,4.044712834339439,1.0,3.0,5.0,11.0,15.0,794536.0,121268.0,topcow_ct_040
cow_dataset/CoW_Centerline_Data/cow_meshes/topcow_ct_041.vtp,60.93647766113281,48.65708923339844,31.799110412597656,94284.0962506269,37198.0,74408.0,-0.00048545391219355046,0.5773500734232326,-1.0,-0.2357022613286972,0.0,0.16439898312091827,1.0,-54.17374387732707,111594.0,6.754784431781529,3.4494790893449014,1.0,4.0,6.0,11.0,12.0,502610.0,74408.0,topcow_ct_041
cow_dataset/CoW_Centerline_Data/cow_meshes/topcow_ct_042.vtp,64.18898963928223,49.669769287109375,22.88689422607422,72969.19329702505,48166.0,96336.0,0.00023603041034969555,0.5773502288236656,-1.0,-0.2357022613286972,0.0,0.24253563582897186,1.0,34.105922234710306,144498.0,6.089042517854177,3.692119882181577,1.0,3.0,5.0,11.0,12.0,586594.0,96336.0,topcow_ct_042
cow_dataset/CoW_Centerline_Data/cow_meshes/topcow_ct_043.vtp,59.22757148742676,44.63600158691406,27.95526885986328,73904.84038835546,38302.0,76600.0,-0.0007164082069598442,0.5773498321873094,-1.0,-0.16439898312091827,0.0,0.16439898312091827,1.0,-82.31960142892785,114906.0,6.570639686684073,3.9035696468319587,1.0,3.0,6.0,11.0,15.0,503311.0,76600.0,topcow_ct_043
cow_dataset/CoW_Centerline_Data/cow_meshes/topcow_ct_044.vtp,62.2107048034668,41.6396484375,31.02899932861328,80378.50897428229,40446.0,80888.0,-0.001994887712300112,0.5773468312011615,-1.0,-0.24253563582897186,0.0,0.2357022613286972,1.0,-242.055685235071,121338.0,6.03309514390268,3.622897768946308,1.0,3.0,5.0,10.0,12.0,488005.0,80888.0,topcow_ct_044
cow_dataset/CoW_Centerline_Data/cow_meshes/topcow_ct_045.vtp,64.72157096862793,44.15199279785156,34.4677734375,98494.63838226841,58786.0,117564.0,-0.0017120056399596115,0.577347740339395,-1.0,-0.40824830532073975,0.0,0.40824830532073975,1.0,-301.9258906519972,176358.0,5.7343659623694325,3.6816231807447464,1.0,3.0,5.0,11.0,12.0,674155.0,117564.0,topcow_ct_045
cow_dataset/CoW_Centerline_Data/cow_meshes/topcow_ct_046.vtp,56.691017150878906,45.67303466796875,31.152755737304688,80662.29745628164,40764.0,81528.0,-0.0005251725136023042,0.5773500379871946,-1.0,-0.1961161345243454,0.0,0.1961161345243454,1.0,-64.22439703345299,122292.0,7.384297419291531,4.142172994282595,1.0,4.0,6.0,11.0,15.0,602027.0,81528.0,topcow_ct_046
cow_dataset/CoW_Centerline_Data/cow_meshes/topcow_ct_047.vtp,54.931190490722656,46.65055847167969,25.13561248779297,64411.78443731907,43710.0,87416.0,0.0012147840389933997,0.5773489980821604,-1.0,-0.16222141683101654,0.0,0.16439898312091827,1.0,159.2946310332045,131130.0,6.4396906744760685,3.785590465557313,1.0,3.0,6.0,11.0,12.0,562932.0,87416.0,topcow_ct_047
cow_dataset/CoW_Centerline_Data/cow_meshes/topcow_ct_048.vtp,60.71188926696777,54.173675537109375,28.166629314422607,92639.65484507222,47176.0,94364.0,0.0006473471275863465,0.5773499130268495,-1.0,-0.1961161345243454,0.0,0.1961161345243454,1.0,91.61774427304044,141528.0,6.647047602899411,3.782659579609539,1.0,3.0,6.0,11.0,12.0,627242.0,94364.0,topcow_ct_048
cow_dataset/CoW_Centerline_Data/cow_meshes/topcow_ct_049.vtp,67.23695945739746,55.454376220703125,31.64630126953125,117995.88136004789,83092.0,166216.0,0.0009309289257570201,0.5773495279216974,-1.0,-0.40824830532073975,0.0,0.40824830532073975,1.0,232.05823889700696,249276.0,6.335437021706695,3.9530873237352755,1.0,3.0,6.0,11.0,12.0,1053051.0,166216.0,topcow_ct_049
cow_dataset/CoW_Centerline_Data/cow_meshes/topcow_ct_050.vtp,57.196516036987305,37.987152099609375,31.291290283203125,67987.61132152278,47972.0,95944.0,-0.0009025198479355918,0.5773495719917372,-1.0,-0.24253563582897186,0.0,0.24253563582897186,1.0,-129.88704643549863,143916.0,6.34632702409739,3.7764496301428685,1.0,3.0,6.0,11.0,12.0,608892.0,95944.0,topcow_ct_050
cow_dataset/CoW_Centerline_Data/cow_meshes/topcow_ct_051.vtp,53.20125389099121,47.66133117675781,26.524658203125,67257.05277881637,33802.0,67604.0,0.00014070341079677967,0.5773502605700174,-1.0,-0.2357022613286972,0.0,0.2357022613286972,1.0,14.26817007525824,101406.0,6.035663570202947,3.854064172954971,1.0,3.0,5.0,11.0,12.0,408035.0,67604.0,topcow_ct_051
cow_dataset/CoW_Centerline_Data/cow_meshes/topcow_ct_052.vtp,52.67788314819336,44.68162536621094,22.005340576171875,51794.70597080161,42010.0,84020.0,-0.0013705477827717582,0.5773486498413006,-1.0,-0.16439898312091827,0.0,0.16439898312091827,1.0,-172.73013706272468,126030.0,5.949500119019281,3.9363036191230165,1.0,3.0,5.0,10.0,15.0,499877.0,84020.0,topcow_ct_052
cow_dataset/CoW_Centerline_Data/cow_meshes/topcow_ct_053.vtp,57.209638595581055,44.16484069824219,28.011520385742188,70775.43613472067,47520.0,95032.0,0.00038095438668124667,0.5773501532357332,-1.0,-0.40824830532073975,0.0,0.40824830532073975,1.0,54.30885736527853,142560.0,5.690335886859163,3.747074516866912,1.0,3.0,5.0,10.0,12.0,540764.0,95032.0,topcow_ct_053
cow_dataset/CoW_Centerline_Data/cow_meshes/topcow_ct_054.vtp,69.73488235473633,40.393402099609375,34.775634765625,97957.02148539749,50798.0,101592.0,-0.0007317984666538583,0.577349814821014,-1.0,-0.3333333432674408,0.0,0.24253563582897186,1.0,-111.52169552724808,152394.0,5.997647452555319,3.6112095335812886,1.0,3.0,5.0,10.0,12.0,609313.0,101592.0,topcow_ct_054
cow_dataset/CoW_Centerline_Data/cow_meshes/topcow_ct_055.vtp,58.72261047363281,45.65586853027344,32.53814697265625,87235.80621114292,43344.0,86680.0,-0.0013891436986998233,0.5773486061377152,-1.0,-0.24253563582897186,0.0,0.2357022613286972,1.0,-180.63313342933543,130032.0,5.982510383017997,3.8703723066542928,1.0,3.0,5.0,11.0,12.0,518564.0,86680.0,topcow_ct_055
cow_dataset/CoW_Centerline_Data/cow_meshes/topcow_ct_056.vtp,58.70991325378418,50.41319274902344,28.0025634765625,82880.7041084147,59550.0,119108.0,-0.0009461925011946645,0.5772428460821692,-1.0,-0.40824830532073975,0.0,0.40824830532073975,1.0,-169.03729033842683,178650.0,6.302330657890318,4.144203439307254,1.0,3.0,5.0,11.0,15.0,750658.0,119108.0,topcow_ct_056
cow_dataset/CoW_Centerline_Data/cow_meshes/topcow_ct_057.vtp,62.19583702087402,30.089004516601562,37.78901672363281,70718.774812875,40714.0,81424.0,-0.00010973001176389846,0.5773502672343861,-1.0,-0.24253563582897186,0.0,0.24253563582897186,1.0,-13.402643096866086,122142.0,5.700444586362743,3.6931226411569287,1.0,3.0,5.0,7.0,12.0,464153.0,81424.0,topcow_ct_057
cow_dataset/CoW_Centerline_Data/cow_meshes/topcow_ct_058.vtp,58.43806076049805,49.66619873046875,35.2916259765625,102430.28603717087,51250.0,102496.0,-0.0005053130675311677,0.5773500575587879,-1.0,-0.44721361994743347,0.0,0.40824830532073975,1.0,-77.69188413291704,153750.0,6.1320246643771466,3.883264607502296,1.0,3.0,5.0,11.0,12.0,628508.0,102496.0,topcow_ct_058
cow_dataset/CoW_Centerline_Data/cow_meshes/topcow_ct_059.vtp,62.19200325012207,53.674652099609375,25.5283203125,85216.9575165662,50174.0,100352.0,-0.00026104417720121826,0.577350219252687,-1.0,-0.40824830532073975,0.0,0.40824830532073975,1.0,-39.29289164068177,150522.0,6.251036352040816,3.739115651059065,1.0,3.0,6.0,11.0,12.0,627304.0,100352.0,topcow_ct_059
cow_dataset/CoW_Centerline_Data/cow_meshes/topcow_ct_060.vtp,59.211830139160156,35.38926696777344,44.554542541503906,93362.40715988197,50436.0,100868.0,4.292329295009048e-05,0.5773502752504958,-1.0,-0.24253563582897186,0.0,0.24253563582897186,1.0,6.49463760969229,151308.0,6.329083554744815,3.78723454540139,1.0,3.0,6.0,11.0,12.0,638402.0,100868.0,topcow_ct_060
cow_dataset/CoW_Centerline_Data/cow_meshes/topcow_ct_061.vtp,60.200199127197266,57.66279602050781,27.274913787841797,94679.73014841999,65980.0,131968.0,0.00011064940092631036,0.5773502649972201,-1.0,-0.16222141683101654,0.0,0.16222141683101654,1.0,21.901942419353873,197940.0,6.366975327352085,3.79730783559242,1.0,3.0,6.0,11.0,12.0,840237.0,131968.0,topcow_ct_061
cow_dataset/CoW_Centerline_Data/cow_meshes/topcow_ct_062.vtp,63.22492218017578,47.175811767578125,31.771347045898438,94763.98468927093,50540.0,101076.0,-0.001175875213361017,0.5773490786414168,-1.0,-0.16439898312091827,0.0,0.16439898312091827,1.0,-178.2861998497974,151620.0,5.986703074913926,3.7486105290967697,1.0,3.0,5.0,11.0,12.0,605112.0,101076.0,topcow_ct_062
cow_dataset/CoW_Centerline_Data/cow_meshes/topcow_ct_063.vtp,61.696617126464844,51.6409912109375,37.032562255859375,117988.50089442065,48490.0,96980.0,0.00028766973163318465,0.5773502058516096,-1.0,-0.24253563582897186,0.0,0.24253563582897186,1.0,41.84731586067937,145470.0,6.085584656630233,3.7750355569010035,1.0,3.0,5.0,11.0,12.0,590180.0,96980.0,topcow_ct_063
cow_dataset/CoW_Centerline_Data/cow_meshes/topcow_ct_064.vtp,55.68844032287598,45.15092468261719,31.774383544921875,79893.01985628973,48216.0,96432.0,0.0004982391720432599,0.5773500628650465,-1.0,-0.40824830532073975,0.0,0.40824830532073975,1.0,72.06929975771345,144648.0,6.47782893645263,3.6484474059258116,1.0,3.0,6.0,11.0,12.0,624670.0,96432.0,topcow_ct_064
cow_dataset/CoW_Centerline_Data/cow_meshes/topcow_ct_065.vtp,62.1975154876709,45.506683349609375,38.5433349609375,109093.15712149687,56636.0,113276.0,-0.0005974686409636371,0.577349968069969,-1.0,-0.24253563582897186,0.0,0.24253563582897186,1.0,-101.51470184884965,169908.0,6.554557011193898,3.555713763986215,1.0,4.0,6.0,11.0,12.0,742474.0,113276.0,topcow_ct_065
cow_dataset/CoW_Centerline_Data/cow_meshes/topcow_ct_066.vtp,56.20600891113281,41.66230773925781,31.259986877441406,73200.63724326827,49664.0,99328.0,-0.0004910776059600455,0.5773500681373619,-1.0,-0.2357022613286972,0.0,0.2357022613286972,1.0,-73.1666346671991,148992.0,6.270286324097938,3.547630478742325,1.0,3.0,5.0,9.0,12.0,622815.0,99328.0,topcow_ct_066
cow_dataset/CoW_Centerline_Data/cow_meshes/topcow_ct_067.vtp,65.2512378692627,50.6832275390625,40.045745849609375,132437.0215270247,52256.0,104512.0,0.0008022477947642613,0.5773497198009183,-1.0,-0.2357022613286972,0.0,0.2357022613286972,1.0,125.76678228960373,156768.0,5.877707823025107,3.684400175199131,1.0,3.0,5.0,8.0,12.0,614291.0,104512.0,topcow_ct_067
cow_dataset/CoW_Centerline_Data/cow_meshes/topcow_ct_068.vtp,64.7182731628418,30.108840942382812,29.511428833007812,57505.73982017872,40092.0,80180.0,-0.00010472900327538202,0.5773502667731254,-1.0,-0.16439898312091827,0.0,0.16439898312091827,1.0,-12.596385597949848,120276.0,5.874881516587678,3.5616874515879124,1.0,3.0,5.0,9.0,12.0,471048.0,80180.0,topcow_ct_068
cow_dataset/CoW_Centerline_Data/cow_meshes/topcow_ct_069.vtp,52.690847396850586,45.156768798828125,24.957717895507812,59383.10648459594,42164.0,84328.0,-0.0006818230046335793,0.5773498762681711,-1.0,-0.40824830532073975,0.0,0.40824830532073975,1.0,-86.24515550211072,126492.0,5.9397116023147705,3.777080215120334,1.0,3.0,5.0,11.0,12.0,500884.0,84328.0,topcow_ct_069
cow_dataset/CoW_Centerline_Data/cow_meshes/topcow_ct_070.vtp,51.675048828125,44.165130615234375,27.268768310546875,62233.74510891071,44016.0,88040.0,-0.000502362062053732,0.5773500601111372,-1.0,-0.40824830532073975,0.0,0.40824830532073975,1.0,-66.33590557007119,132048.0,6.149818264425261,3.791301255511558,1.0,3.0,5.0,11.0,12.0,541430.0,88040.0,topcow_ct_070
cow_dataset/CoW_Centerline_Data/cow_meshes/topcow_ct_071.vtp,67.73377990722656,49.660308837890625,36.79095458984375,123753.013916267,68888.0,137772.0,-0.0006064178471797367,0.5773499597288768,-1.0,-0.40824830532073975,0.0,0.40824830532073975,1.0,-125.3247379695531,206664.0,5.913676218680139,3.7818841202851767,1.0,3.0,5.0,7.0,15.0,814739.0,137772.0,topcow_ct_071
cow_dataset/CoW_Centerline_Data/cow_meshes/topcow_ct_072.vtp,54.18877029418945,42.64495849609375,30.28656005859375,69988.54109950962,36230.0,72456.0,2.075924584089377e-05,0.5773502768730707,-1.0,-0.2357022613286972,0.0,0.2357022613286972,1.0,2.256322430446744,108690.0,5.9539582643259354,3.5331643876681422,1.0,3.0,5.0,7.0,12.0,431400.0,72456.0,topcow_ct_072
cow_dataset/CoW_Centerline_Data/cow_meshes/topcow_ct_073.vtp,69.21099090576172,42.059173583984375,40.0599365234375,116612.75586427629,75560.0,151116.0,-0.00039353953600153313,0.5773501446134182,-1.0,-0.40824830532073975,0.0,0.40824830532073975,1.0,-89.20754202082753,226680.0,5.620940204875724,3.7628985285816277,1.0,2.0,5.0,10.0,12.0,849414.0,151116.0,topcow_ct_073
cow_dataset/CoW_Centerline_Data/cow_meshes/topcow_ct_074.vtp,59.211008071899414,44.66093444824219,34.52862548828125,91308.15156258082,46828.0,93660.0,0.0005831697246237496,0.5773499816403432,-1.0,-0.16222141683101654,0.0,0.16439898312091827,1.0,81.92601559404284,140484.0,6.256619688234038,3.5428844421966508,1.0,3.0,6.0,9.0,12.0,585995.0,93660.0,topcow_ct_074
cow_dataset/CoW_Centerline_Data/cow_meshes/topcow_ct_075.vtp,69.23678779602051,52.141632080078125,38.542747497558594,139143.90951124515,71712.0,143424.0,-0.0009114221468993717,0.5773495584465421,-1.0,-0.40824830532073975,0.0,0.40824830532073975,1.0,-196.07971499534324,215136.0,6.267953759482374,3.92859635113383,1.0,3.0,5.0,11.0,12.0,898975.0,143424.0,topcow_ct_075
cow_dataset/CoW_Centerline_Data/cow_meshes/topcow_ct_076.vtp,58.22672462463379,48.425933837890625,32.51508712768555,91682.25513897437,56102.0,112200.0,-0.0014053250834753614,0.5773485677848682,-1.0,-0.30151134729385376,0.0,0.24253563582897186,1.0,-236.5246434994042,168306.0,6.093288770053476,3.6728741974461974,1.0,3.0,5.0,11.0,12.0,683667.0,112200.0,topcow_ct_076
cow_dataset/CoW_Centerline_Data/cow_meshes/topcow_ct_077.vtp,68.23500061035156,61.68544006347656,36.0623779296875,151790.37277435474,73150.0,146308.0,7.646998908522665e-05,0.57735027322163,-1.0,-0.40824830532073975,0.0,0.40824830532073975,1.0,16.781339104752988,219450.0,6.855154878748941,4.142483793687193,1.0,4.0,6.0,11.0,15.0,1002964.0,146308.0,topcow_ct_077
cow_dataset/CoW_Centerline_Data/cow_meshes/topcow_ct_078.vtp,69.73095703125,51.6632080078125,43.064605712890625,155141.31601244575,62094.0,124180.0,-0.0003981666233427826,0.5773501393528239,-1.0,-0.2357022613286972,0.0,0.1961161345243454,1.0,-74.17127492954023,186282.0,6.57644548236431,3.5340021772201156,1.0,4.0,6.0,11.0,12.0,816663.0,124180.0,topcow_ct_078
cow_dataset/CoW_Centerline_Data/cow_meshes/topcow_ct_079.vtp,59.957305908203125,54.66053771972656,29.46286392211914,96558.60212912227,62504.0,125012.0,-0.000935762047098739,0.5773495182248477,-1.0,-0.24253563582897186,0.0,0.2357022613286972,1.0,-175.46661297557876,187512.0,6.023341759191117,3.47281000209911,1.0,3.0,5.0,8.0,12.0,752990.0,125012.0,topcow_ct_079
cow_dataset/CoW_Centerline_Data/cow_meshes/topcow_ct_080.vtp,56.69448280334473,54.186065673828125,28.782676696777344,88421.84982309856,50196.0,100388.0,-0.0004279673021997284,0.5773501200037644,-1.0,-0.40824830532073975,0.0,0.40824830532073975,1.0,-64.4467401036527,150588.0,5.74034745188668,3.70775657595826,1.0,3.0,5.0,7.0,12.0,576262.0,100388.0,topcow_ct_080
cow_dataset/CoW_Centerline_Data/cow_meshes/topcow_ct_081.vtp,63.20291328430176,55.139434814453125,33.275604248046875,115964.57960535606,51188.0,102372.0,-0.0007366085078050601,0.5773498059776047,-1.0,-0.16439898312091827,0.0,0.16222141683101654,1.0,-113.11654889257625,153564.0,5.882585081858321,3.6646227550909836,1.0,3.0,5.0,7.0,12.0,602212.0,102372.0,topcow_ct_081
cow_dataset/CoW_Centerline_Data/cow_meshes/topcow_ct_082.vtp,71.21012878417969,62.68424987792969,38.287353515625,170905.30851177848,70096.0,140196.0,-0.0010524915341776134,0.5773493180600914,-1.0,-0.40824830532073975,0.0,0.24253563582897186,1.0,-221.32633973914199,210288.0,6.2959071585494595,3.5697635196353357,1.0,3.0,6.0,10.0,12.0,882661.0,140196.0,topcow_ct_082
cow_dataset/CoW_Centerline_Data/cow_meshes/topcow_ct_083.vtp,63.191463470458984,53.11566162109375,32.553466796875,109264.29168083415,52822.0,105648.0,0.0010071585409969696,0.5773493984742903,-1.0,-0.40824830532073975,0.0,0.40824830532073975,1.0,159.60038535762578,158466.0,5.749687641980918,3.672280712533624,1.0,3.0,5.0,8.0,12.0,607443.0,105648.0,topcow_ct_083
cow_dataset/CoW_Centerline_Data/cow_meshes/topcow_ct_084.vtp,68.21820831298828,62.684356689453125,46.57568359375,199167.61365241813,65290.0,130584.0,0.00046489342149602306,0.5773500907052908,-1.0,-0.3162277638912201,0.0,0.3713906705379486,1.0,91.05867446842603,195870.0,6.234944556760399,4.127879783912631,1.0,3.0,5.0,11.0,15.0,814184.0,130584.0,topcow_ct_084
cow_dataset/CoW_Centerline_Data/cow_meshes/topcow_ct_085.vtp,53.69935417175293,51.146575927734375,29.70758056640625,81593.00174827066,46588.0,93180.0,-0.0009887322049528205,0.5773494302300809,-1.0,-0.2357022613286972,0.0,0.2357022613286972,1.0,-138.18916789302602,139764.0,5.730639622236532,3.571106902082498,1.0,3.0,5.0,8.0,12.0,533981.0,93180.0,topcow_ct_085
cow_dataset/CoW_Centerline_Data/cow_meshes/topcow_ct_086.vtp,69.73175048828125,49.585784912109375,31.036651611328125,107315.54142670865,54454.0,108912.0,-0.00020398929936308753,0.5773502400187589,-1.0,-0.2357022613286972,0.0,0.2357022613286972,1.0,-33.324099922552705,163362.0,6.394456074629058,3.56612231091917,1.0,3.0,6.0,11.0,12.0,696433.0,108912.0,topcow_ct_086
cow_dataset/CoW_Centerline_Data/cow_meshes/topcow_ct_087.vtp,54.17802429199219,43.45527648925781,31.0384521484375,73074.48048429009,51648.0,103292.0,0.0002458754323553413,0.5773502263304331,-1.0,-0.40824830532073975,0.0,0.40824830532073975,1.0,38.096922990866005,154944.0,5.619864074662123,3.773106101956338,1.0,3.0,5.0,7.0,12.0,580487.0,103292.0,topcow_ct_087
cow_dataset/CoW_Centerline_Data/cow_meshes/topcow_ct_088.vtp,51.32992362976074,43.66911315917969,29.508956909179688,66145.27838220999,43456.0,86896.0,-0.000804487497960019,0.5773497173382909,-1.0,-0.38074979186058044,0.0,0.24253563582897186,1.0,-104.87942613405176,130368.0,5.608831246547597,3.687329670348745,1.0,2.0,5.0,7.0,12.0,487385.0,86896.0,topcow_ct_088
cow_dataset/CoW_Centerline_Data/cow_meshes/topcow_ct_089.vtp,58.86544990539551,53.175994873046875,30.4793701171875,95407.40404764476,46282.0,92576.0,-0.00072153106094088,0.5773498272961863,-1.0,-0.40824830532073975,0.0,0.40824830532073975,1.0,-100.18170168739744,138846.0,5.704642671966816,3.6119045804978778,1.0,3.0,5.0,7.0,12.0,528113.0,92576.0,topcow_ct_089
cow_dataset/CoW_Centerline_Data/cow_meshes/topcow_ct_090.vtp,57.20804405212402,45.137481689453125,36.28864288330078,93705.51493053869,52536.0,105064.0,-0.001053227496612011,0.5773493168668259,-1.0,-0.24253563582897186,0.0,0.2357022613286972,1.0,-165.99707928602584,157608.0,6.420324754435391,3.953682569988291,1.0,3.0,6.0,11.0,15.0,674545.0,105064.0,topcow_ct_090
cow_dataset/CoW_Centerline_Data/cow_meshes/topcow_ct_131.vtp,53.14387512207031,37.05470275878906,37.79435729980469,74425.80097521911,37486.0,74972.0,-0.0003655170364743039,0.5773501611914085,-1.0,-0.2357022613286972,0.0,0.2357022613286972,1.0,-41.10531488782726,112458.0,5.799004961852425,3.6306790862091005,1.0,3.0,5.0,9.0,12.0,434763.0,74972.0,topcow_ct_131
cow_dataset/CoW_Centerline_Data/cow_meshes/topcow_ct_132.vtp,57.70762252807617,48.66587829589844,25.954998016357422,72891.81228521447,44466.0,88928.0,0.00019485009541050666,0.5773502426192301,-1.0,-0.16439898312091827,0.0,0.16439898312091827,1.0,25.99261302757077,133398.0,6.362821608492263,3.8471501219520534,1.0,3.0,6.0,11.0,12.0,565833.0,88928.0,topcow_ct_132
cow_dataset/CoW_Centerline_Data/cow_meshes/topcow_ct_133.vtp,67.22075080871582,47.66070556640625,34.03125762939453,109028.94884724547,47316.0,94636.0,-0.00015714297828213857,0.5773502551057126,-1.0,-0.16439898312091827,0.0,0.16439898312091827,1.0,-22.306131481193006,141948.0,6.119848683376305,3.5797075500506605,1.0,3.0,6.0,8.0,12.0,579158.0,94636.0,topcow_ct_133
cow_dataset/CoW_Centerline_Data/cow_meshes/topcow_ct_134.vtp,64.46063995361328,48.68498229980469,29.0203857421875,91073.66420365061,57680.0,115360.0,0.0006654588649570606,0.5773498951428709,-1.0,-0.40824830532073975,0.0,0.40824830532073975,1.0,115.15100199216977,173040.0,5.7312846740638,3.6619471479127474,1.0,3.0,5.0,8.0,12.0,661161.0,115360.0,topcow_ct_134
cow_dataset/CoW_Centerline_Data/cow_meshes/topcow_ct_135.vtp,66.16916847229004,47.969879150390625,31.783126831054688,100883.68149872376,44130.0,88260.0,-0.00014999674431109044,0.5773502584291338,-1.0,-0.24253563582897186,0.0,0.24253563582897186,1.0,-19.858068979345262,132390.0,6.333503285746658,3.470056318579481,1.0,4.0,6.0,9.0,12.0,558995.0,88260.0,topcow_ct_135
cow_dataset/CoW_Centerline_Data/cow_meshes/topcow_ct_136.vtp,66.70345115661621,50.61366271972656,28.2750244140625,95459.4789830265,64184.0,128376.0,-0.000355888106230768,0.5773501690788215,-1.0,-0.44721361994743347,0.0,0.44721361994743347,1.0,-68.52696663094684,192552.0,6.134199538854615,3.570788396783599,1.0,3.0,5.0,9.0,12.0,787484.0,128376.0,topcow_ct_136
cow_dataset/CoW_Centerline_Data/cow_meshes/topcow_ct_137.vtp,68.23044395446777,45.17401123046875,21.25482177734375,65512.52226970455,55974.0,111956.0,-0.0006086511284838279,0.5773499571854782,-1.0,-0.40824830532073975,0.0,0.3784100115299225,1.0,-102.20591479726136,167922.0,5.85426417521169,3.4820017399067016,1.0,3.0,5.0,8.0,12.0,655420.0,111956.0,topcow_ct_137
cow_dataset/CoW_Centerline_Data/cow_meshes/topcow_ct_138.vtp,63.964839935302734,42.396240234375,33.8121337890625,91694.06799424396,53958.0,107912.0,-0.0014064585912536192,0.577348565355834,-1.0,-0.44721361994743347,0.0,0.44232284277677536,1.0,-227.66907800058834,161874.0,5.998758247460894,3.6262073072485905,1.0,3.0,5.0,7.0,12.0,647338.0,107912.0,topcow_ct_138
cow_dataset/CoW_Centerline_Data/cow_meshes/topcow_ct_139.vtp,59.1843376159668,39.54266357421875,41.41754150390625,96929.7354331434,54700.0,109400.0,4.76811159561609e-05,0.5773502765301534,-1.0,-0.40824830532073975,0.0,0.40824830532073975,1.0,7.824471128406003,164100.0,6.0217184643510056,3.755106695865953,1.0,3.0,5.0,11.0,12.0,658776.0,109400.0,topcow_ct_139
cow_dataset/CoW_Centerline_Data/cow_meshes/topcow_ct_140.vtp,60.73119926452637,42.982147216796875,36.28045654296875,94704.95630543419,46346.0,92696.0,0.0009909310576602455,0.5773494273248057,-1.0,-0.32791492342948914,0.0,0.40824830532073975,1.0,137.77707239496522,139038.0,6.108688616553033,3.5415367493680243,1.0,3.0,5.0,9.0,12.0,566251.0,92696.0,topcow_ct_140
cow_dataset/CoW_Centerline_Data/cow_meshes/topcow_ct_141.vtp,64.73337173461914,61.41615295410156,28.771804809570312,114387.33529490043,52490.0,104980.0,-5.7892714403053974e-05,0.5773502750370754,-1.0,-0.24253563582897186,0.0,0.24253563582897186,1.0,-9.116365737048909,157470.0,6.410592493808345,3.6241498318481984,1.0,3.0,6.0,11.0,12.0,672984.0,104980.0,topcow_ct_141
cow_dataset/CoW_Centerline_Data/cow_meshes/topcow_ct_142.vtp,59.238027572631836,51.682281494140625,26.889663696289062,82324.2224179311,52424.0,104852.0,-0.0003569948350496745,0.5773501684927362,-1.0,-0.44721361994743347,0.0,0.44721361994743347,1.0,-56.14529169793241,157272.0,6.48929920268569,3.651293471294553,1.0,3.0,6.0,11.0,12.0,680416.0,104852.0,topcow_ct_142
cow_dataset/CoW_Centerline_Data/cow_meshes/topcow_ct_143.vtp,57.675323486328125,53.65087890625,23.583526611328125,72975.25626099411,44638.0,89276.0,-0.0009848262305394177,0.577349437966175,-1.0,-0.3333333432674408,0.0,0.24253563582897186,1.0,-131.88201983645558,133914.0,6.140676105560285,3.8070131682003416,1.0,3.0,5.0,11.0,12.0,548215.0,89276.0,topcow_ct_143
cow_dataset/CoW_Centerline_Data/cow_meshes/topcow_ct_144.vtp,60.92503547668457,45.099700927734375,27.370407104492188,75205.69165987695,51238.0,102480.0,-0.00014520057191220914,0.5773502593939815,-1.0,-0.24253563582897186,0.0,0.24253563582897186,1.0,-22.319360710913315,153714.0,6.192818110850898,3.4592727918924555,1.0,3.0,6.0,9.0,12.0,634640.0,102480.0,topcow_ct_144
cow_dataset/CoW_Centerline_Data/cow_meshes/topcow_ct_145.vtp,67.2299747467041,45.48860168457031,31.78375244140625,97200.9936082628,46988.0,93976.0,0.0002497968833236371,0.5773502238296752,-1.0,-0.24253563582897186,0.0,0.40824830532073975,1.0,35.21236786083318,140964.0,5.756788967395931,3.7245535271690313,1.0,3.0,5.0,7.0,12.0,541000.0,93976.0,topcow_ct_145
cow_dataset/CoW_Centerline_Data/cow_meshes/topcow_ct_146.vtp,75.17900848388672,42.52937316894531,40.804931640625,130466.26515032769,72716.0,145428.0,-0.00066558800442452,0.5773498943444484,-1.0,-0.40824830532073975,0.0,0.40824830532073975,1.0,-145.1966919892002,218148.0,5.560318508127733,3.6365782646039944,1.0,3.0,5.0,7.0,12.0,808626.0,145428.0,topcow_ct_146
cow_dataset/CoW_Centerline_Data/cow_meshes/topcow_ct_147.vtp,64.03738594055176,44.310821533203125,23.498550415039062,66678.29245820199,56272.0,112544.0,0.00030129212671155356,0.5773501997165813,-1.0,-0.40824830532073975,0.0,0.40824830532073975,1.0,50.862931662937626,168816.0,5.699637475120841,3.6550321327345907,1.0,3.0,5.0,7.0,12.0,641460.0,112544.0,topcow_ct_147
cow_dataset/CoW_Centerline_Data/cow_meshes/topcow_ct_148.vtp,66.24172973632812,46.14300537109375,28.143356323242188,86022.77160955145,50862.0,101724.0,8.033643397934797e-05,0.5773502708497723,-1.0,-0.1961161345243454,0.0,0.1961161345243454,1.0,12.258215115172789,152586.0,6.352286579371633,3.6339199130939526,1.0,4.0,6.0,11.0,12.0,646180.0,101724.0,topcow_ct_148
cow_dataset/CoW_Centerline_Data/cow_meshes/topcow_ct_149.vtp,62.71606254577637,51.42628479003906,24.341033935546875,78506.01933794306,39084.0,78168.0,-5.9497323299991375e-05,0.5773502732109155,-1.0,-0.16439898312091827,0.0,0.16439898312091827,1.0,-6.976180151570588,117252.0,5.899114727254119,3.592524595494726,1.0,3.0,5.0,7.0,12.0,461122.0,78168.0,topcow_ct_149
cow_dataset/CoW_Centerline_Data/cow_meshes/topcow_ct_150.vtp,60.71625518798828,51.567718505859375,39.294830322265625,123032.06486662266,42378.0,84760.0,-0.000798630751345912,0.5773497256500095,-1.0,-0.24253563582897186,0.0,0.24253563582897186,1.0,-101.53312194161117,127134.0,6.363319962246343,3.630270593158256,1.0,3.0,6.0,11.0,12.0,539355.0,84760.0,topcow_ct_150
cow_dataset/CoW_Centerline_Data/cow_meshes/topcow_ct_151.vtp,58.68545722961426,52.59223937988281,36.995635986328125,114183.31665518107,46670.0,93348.0,-0.0007602887100133475,0.5773497748868358,-1.0,-0.16222141683101654,0.0,0.1270001232624054,1.0,-106.44802228896879,140010.0,6.381807858765051,3.47292706133192,1.0,3.0,6.0,9.0,12.0,595729.0,93348.0,topcow_ct_151
cow_dataset/CoW_Centerline_Data/cow_meshes/topcow_ct_152.vtp,60.72299385070801,44.1578369140625,23.512428283691406,63046.13254665499,53078.0,106168.0,0.00043069226152768925,0.5773501161253715,-1.0,-0.24253563582897186,0.0,0.24253563582897186,1.0,68.58085157210007,159234.0,5.974549770175571,3.722009841342689,1.0,3.0,5.0,9.0,12.0,634306.0,106168.0,topcow_ct_152
cow_dataset/CoW_Centerline_Data/cow_meshes/topcow_ct_153.vtp,68.73196792602539,41.14501953125,35.537750244140625,100499.9816432512,45570.0,91136.0,-0.0005154866552188563,0.5773500475242149,-1.0,-0.2357022613286972,0.0,0.2357022613286972,1.0,-70.47218063496985,136710.0,6.079748946629214,3.541125733555448,1.0,3.0,5.0,7.0,12.0,554084.0,91136.0,topcow_ct_153
cow_dataset/CoW_Centerline_Data/cow_meshes/topcow_ct_154.vtp,61.72260284423828,60.92076110839844,25.836151123046875,97148.78394285157,50812.0,101620.0,-0.0006105910053515621,0.5773499554803244,-1.0,-0.40824830532073975,0.0,0.40824830532073975,1.0,-93.07605049177073,152436.0,5.807400118086991,3.867509629365337,1.0,3.0,5.0,11.0,12.0,590148.0,101620.0,topcow_ct_154
cow_dataset/CoW_Centerline_Data/cow_meshes/topcow_ct_155.vtp,63.491342544555664,38.03662109375,36.2882080078125,87635.8822337522,57026.0,114068.0,0.00024839576900052027,0.5773502239513284,-1.0,-0.3333333432674408,0.0,0.3333333432674408,1.0,42.49505136907101,171078.0,6.294780306483852,3.605139136762126,1.0,3.0,6.0,10.0,12.0,718033.0,114068.0,topcow_ct_155
cow_dataset/CoW_Centerline_Data/cow_meshes/topcow_ct_156.vtp,61.210195541381836,50.406524658203125,29.01959991455078,89536.87713949387,52702.0,105404.0,-0.00030648141416954886,0.5773501974714766,-1.0,-0.44721361994743347,0.0,0.40824830532073975,1.0,-48.45655046869069,158106.0,5.864597168987895,3.6401833459056174,1.0,3.0,5.0,7.0,12.0,618152.0,105404.0,topcow_ct_156
cow_dataset/CoW_Centerline_Data/cow_meshes/topcow_ct_157.vtp,59.18102836608887,51.67674255371094,34.395790100097656,105192.05211835353,56470.0,112944.0,-0.000824915321155583,0.5773496890658109,-1.0,-0.44721361994743347,0.0,0.40824830532073975,1.0,-139.74890455696732,169410.0,6.4831509420597815,3.579189270945772,1.0,4.0,6.0,11.0,12.0,732233.0,112944.0,topcow_ct_157
cow_dataset/CoW_Centerline_Data/cow_meshes/topcow_ct_158.vtp,71.75114440917969,51.16943359375,28.7919921875,105708.80366401075,71374.0,142736.0,-1.613527270359698e-05,0.5773502775219603,-1.0,-0.40824830532073975,0.0,0.40824830532073975,1.0,-3.4549168618395925,214122.0,5.535176829951799,3.7678110604589143,1.0,2.0,5.0,7.0,12.0,790069.0,142736.0,topcow_ct_158
cow_dataset/CoW_Centerline_Data/cow_meshes/topcow_ct_159.vtp,60.721235275268555,47.595703125,31.78386688232422,91857.59658634273,52836.0,105672.0,7.021889239818268e-05,0.5773502730690172,-1.0,-0.24253563582897186,0.0,0.24253563582897186,1.0,11.130256196251139,158508.0,6.010163524869407,4.102276045334165,1.0,3.0,5.0,11.0,15.0,635106.0,105672.0,topcow_ct_159
cow_dataset/CoW_Centerline_Data/cow_meshes/topcow_ct_160.vtp,61.20552635192871,58.1881103515625,23.50262451171875,83703.04418011263,45438.0,90880.0,6.625197992280386e-05,0.5773502731502828,-1.0,-0.2357022613286972,0.0,0.2357022613286972,1.0,9.031072391197085,136314.0,6.564282570422535,3.6110989857580322,1.0,3.0,6.0,11.0,12.0,596562.0,90880.0,topcow_ct_160
cow_dataset/CoW_Centerline_Data/cow_meshes/topcow_ct_161.vtp,69.69865798950195,53.14479064941406,39.32481384277344,145663.85255057918,80268.0,160532.0,-0.0008384367377688762,0.5773496705507783,-1.0,-0.40824830532073975,0.0,0.40824830532073975,1.0,-201.89892020169646,240804.0,5.742848777813769,3.834188804672961,1.0,2.0,5.0,10.0,12.0,921911.0,160532.0,topcow_ct_161
cow_dataset/CoW_Centerline_Data/cow_meshes/topcow_ct_162.vtp,62.73924255371094,47.585601806640625,35.4892578125,105952.63315479524,47058.0,94108.0,-0.000769054552249177,0.5773497641806915,-1.0,-0.16439898312091827,0.0,0.16222141683101654,1.0,-108.5705073592253,141174.0,6.4668997322225525,4.053295924723468,1.0,3.0,6.0,11.0,15.0,608587.0,94108.0,topcow_ct_162
cow_dataset/CoW_Centerline_Data/cow_meshes/topcow_ct_163.vtp,62.21087074279785,49.90815734863281,30.2894287109375,94043.52469792266,56552.0,113108.0,-9.659960618953486e-05,0.5773502676893878,-1.0,-0.16222141683101654,0.0,0.16222141683101654,1.0,-16.388702787691727,169656.0,6.184469710365315,3.528026556829658,1.0,3.0,6.0,9.0,12.0,699513.0,113108.0,topcow_ct_163
cow_dataset/CoW_Centerline_Data/cow_meshes/topcow_ct_164.vtp,61.718875885009766,52.53401184082031,26.131683349609375,84727.80628256264,49598.0,99192.0,-0.00014494940321479145,0.5773502604836983,-1.0,-0.40824830532073975,0.0,0.40824830532073975,1.0,-21.56760150194168,148794.0,5.918945076215824,3.8148568118193906,1.0,3.0,5.0,11.0,12.0,587112.0,99192.0,topcow_ct_164
cow_dataset/CoW_Centerline_Data/cow_meshes/topcow_ct_165.vtp,63.66171455383301,41.09356689453125,28.024703979492188,73315.06167563848,45264.0,90524.0,-0.0013220867517814558,0.5773487632870158,-1.0,-0.24253563582897186,0.0,0.2357022613286972,1.0,-179.52880419790745,135792.0,5.8462175776589635,3.763066133905291,1.0,3.0,5.0,11.0,12.0,529223.0,90524.0,topcow_ct_165
cow_dataset/CoW_Centerline_Data/cow_meshes/topcow_mr_001.vtp,67.10385704040527,49.53357696533203,32.80145835876465,109028.57284016085,87536.0,175092.0,0.003957611429932951,0.577336716074943,-0.9999934434890747,-0.4957711398601532,-0.0008344111847691238,0.5296348929405212,0.999971330165863,1039.3004223918324,262608.0,5.774153016699792,3.2549815673228752,1.0,4.0,5.0,7.0,12.0,1011008.0,175092.0,topcow_mr_001
cow_dataset/CoW_Centerline_Data/cow_meshes/topcow_mr_002.vtp,59.62348175048828,37.95356750488281,32.32365036010742,73145.95897933345,67384.0,134764.0,-0.0006655095658696235,0.5773456136281949,-0.9999890327453613,-0.5372603535652161,-0.001637237030081451,0.5318284034729004,0.9999890327453613,-134.53408975967614,202152.0,5.9233103796266064,3.3240002356365936,1.0,4.0,5.0,7.0,12.0,798249.0,134764.0,topcow_mr_002
cow_dataset/CoW_Centerline_Data/cow_meshes/topcow_mr_003.vtp,66.63992691040039,61.96713352203369,35.07664084434509,144848.47094261236,82814.0,165628.0,0.0027348285062278347,0.5773438020533249,-0.999998152256012,-0.5192058682441711,-0.0011391864391043782,0.5320072174072266,0.999998152256012,679.4462637442557,248442.0,5.885091892675152,3.1460215082064407,1.0,4.0,6.0,8.0,12.0,974736.0,165628.0,topcow_mr_003
cow_dataset/CoW_Centerline_Data/cow_meshes/topcow_mr_004.vtp,61.23347854614258,49.4304313659668,45.86153602600098,138813.57151751546,78662.0,157300.0,0.002902512348686133,0.577339316341725,-0.9991363883018494,-0.5023582577705383,0.015140690840780735,0.5159013867378235,0.9990375638008118,684.9522791170457,235986.0,6.351907183725365,3.7258953431838466,1.0,3.0,6.0,11.0,12.0,999155.0,157300.0,topcow_mr_004
cow_dataset/CoW_Centerline_Data/cow_meshes/topcow_mr_005.vtp,54.012380599975586,38.684876441955566,28.240360260009766,59007.1672501469,56624.0,113252.0,-0.00023410409449102653,0.5773502369137818,-0.9999994039535522,-0.5340267419815063,0.0002416350762359798,0.5323835611343384,0.9999994039535522,-39.76773073937966,169872.0,5.749072864055381,3.171048728065743,1.0,4.0,5.0,7.0,12.0,651094.0,113252.0,topcow_mr_005
cow_dataset/CoW_Centerline_Data/cow_meshes/topcow_mr_006.vtp,58.73779106140137,53.46842098236084,47.96534824371338,150640.785229362,72600.0,145228.0,0.0008107049627501047,0.5773497110496908,-0.9995582103729248,-0.43604156374931335,0.006864119786769152,0.4395253658294678,0.9993114471435547,176.5715408869728,217800.0,6.390971438014708,4.2882340717266665,1.0,3.0,4.0,11.0,15.0,928148.0,145228.0,topcow_mr_006
cow_dataset/CoW_Centerline_Data/cow_meshes/topcow_mr_007.vtp,60.06268310546875,52.573381423950195,43.815345764160156,138355.64494747616,98310.0,196636.0,0.0005649104509929906,0.5773500046245764,-0.9999547004699707,-0.5404704213142395,0.0023651602678000927,0.5444753766059875,0.9998916983604431,166.60903931136272,294930.0,5.960287027807726,3.319938907871863,1.0,4.0,6.0,7.0,12.0,1172007.0,196636.0,topcow_mr_007
cow_dataset/CoW_Centerline_Data/cow_meshes/topcow_mr_008.vtp,67.56734275817871,45.698973655700684,33.29370307922363,102802.90524696677,83058.0,166140.0,0.0013024710882873877,0.577348809302845,-0.9999985098838806,-0.5378342866897583,8.95823395694606e-05,0.5409390926361084,0.999998927116394,324.5419309529216,249174.0,5.840881184543156,3.2981618036752653,1.0,4.0,5.0,7.0,15.0,970404.0,166140.0,topcow_mr_008
cow_dataset/CoW_Centerline_Data/cow_meshes/topcow_mr_009.vtp,62.03573417663574,50.72945022583008,46.09516716003418,145063.27443484036,79374.0,158684.0,0.002028696670974523,0.5773467163495606,-0.9998493790626526,-0.5060847997665405,0.0053696297109127045,0.5145313739776611,0.9998493790626526,483.0773086857953,238122.0,6.070485997328023,3.2493647753631807,1.0,4.0,6.0,7.0,12.0,963289.0,158684.0,topcow_mr_009
cow_dataset/CoW_Centerline_Data/cow_meshes/topcow_mr_010.vtp,42.40520668029785,39.400252640247345,41.92939019203186,70054.61280917402,75381.0,150690.0,0.003212841019727098,0.577341340220558,-0.9989047050476074,-0.4906705319881439,0.011549304239451885,0.5026773810386658,0.9989047050476074,726.5615067241451,226143.0,6.1214280974185415,3.183283562245592,1.0,4.0,6.0,7.0,12.0,922438.0,150690.0,topcow_mr_010
cow_dataset/CoW_Centerline_Data/cow_meshes/topcow_mr_011.vtp,55.33658027648926,41.097426414489746,35.891427993774414,81623.96381061827,73652.0,147324.0,-3.0392709833714878e-05,0.5773502815472658,-0.9999992251396179,-0.5374022722244263,0.0005683050258085132,0.5374022722244263,0.9999992251396179,-6.715451594018305,220956.0,6.05057560207434,3.6193732363216675,1.0,4.0,5.0,8.0,15.0,891395.0,147324.0,topcow_mr_011
cow_dataset/CoW_Centerline_Data/cow_meshes/topcow_mr_012.vtp,69.4337387084961,49.65122890472412,48.89303016662598,168557.27692192968,89252.0,178528.0,0.00037450685465840685,0.5773501596851249,-0.9999656677246094,-0.4586555063724518,2.5576192275167386e-09,0.45426657795906067,0.9999788403511047,100.27645737591638,267756.0,6.151432828463882,3.3803626855532127,1.0,4.0,6.0,9.0,12.0,1098203.0,178528.0,topcow_mr_012
cow_dataset/CoW_Centerline_Data/cow_meshes/topcow_mr_013.vtp,60.465566635131836,47.951416015625,44.16124153137207,128041.52500939435,69113.0,138228.0,-0.0003047069882232722,0.5773501986636599,-1.0,-0.5423265397548676,0.0,0.5401947498321533,1.0,-63.177642231225036,207339.0,6.010721416789652,3.195703248080538,1.0,4.0,6.0,7.0,12.0,830850.0,138228.0,topcow_mr_013
cow_dataset/CoW_Centerline_Data/cow_meshes/topcow_mr_014.vtp,56.164825439453125,50.62473011016846,36.43190383911133,103587.89343096613,68022.0,136044.0,-0.0001514378375419,0.5773502612036047,-0.9999803304672241,-0.5259035229682922,0.0009346622973680496,0.5240095257759094,0.9999791979789734,-30.903313755825366,204066.0,6.300189644526771,3.6919425539582886,1.0,4.0,6.0,10.0,15.0,857103.0,136044.0,topcow_mr_014
cow_dataset/CoW_Centerline_Data/cow_meshes/topcow_mr_015.vtp,59.52298545837402,36.11958312988281,42.41438555717468,91188.61403025,67154.0,134308.0,0.0016247032355171838,0.5773436950989919,-0.9992078542709351,-0.479043573141098,0.0066842446103692055,0.49215883016586304,0.9992018342018127,327.3159632337629,201462.0,6.511302379605087,3.474439448300985,1.0,4.0,6.0,10.0,12.0,874520.0,134308.0,topcow_mr_015
cow_dataset/CoW_Centerline_Data/cow_meshes/topcow_mr_016.vtp,55.070030212402344,51.2486629486084,39.87289905548096,112531.90407682896,69848.0,139692.0,-0.0004736274870607367,0.5773500831852588,-0.9999029040336609,-0.3841262757778168,-3.9119189750635996e-05,0.3842942416667938,0.999933660030365,-99.24579814865501,209544.0,5.8170475045099215,3.4711797113187695,1.0,4.0,5.0,7.0,12.0,812595.0,139692.0,topcow_mr_016
cow_dataset/CoW_Centerline_Data/cow_meshes/topcow_mr_017.vtp,57.623971939086914,49.39296340942383,47.23914813995361,134452.9485791429,67920.0,135840.0,0.000895355334676385,0.5773495885519188,-1.0,-0.5559719800949097,-1.1160830581502523e-05,0.5560573935508728,0.9999999403953552,182.43760299366022,203760.0,6.0327296819787986,3.509935087095023,1.0,4.0,6.0,10.0,12.0,819486.0,135840.0,topcow_mr_017
cow_dataset/CoW_Centerline_Data/cow_meshes/topcow_mr_018.vtp,60.10698318481445,51.15901184082031,40.38329768180847,124179.20026449586,87192.0,174384.0,0.0006579772205201041,0.577349909156748,-1.0,-0.5462796092033386,5.557274692508107e-12,0.5462440848350525,1.0,172.11104943476676,261576.0,5.630269978897147,3.221000341776409,1.0,4.0,5.0,6.0,12.0,981829.0,174384.0,topcow_mr_018
cow_dataset/CoW_Centerline_Data/cow_meshes/topcow_mr_019.vtp,67.5155086517334,54.01177406311035,47.03617763519287,171523.6492921251,85890.0,171788.0,0.0006203312010162539,0.5773499479588365,-0.9999786615371704,-0.5233971476554871,0.0009146717493422329,0.5233971476554871,0.9999786615371704,159.84074056585814,257670.0,6.2177334854588215,3.2670150792872215,1.0,4.0,6.0,9.0,12.0,1068132.0,171788.0,topcow_mr_019
cow_dataset/CoW_Centerline_Data/cow_meshes/topcow_mr_020.vtp,61.91662788391113,46.56229591369629,29.188982486724854,84151.26293138685,56615.0,113164.0,0.001328037119657899,0.5773487552578147,-0.9999988079071045,-0.5330581068992615,0.0001270031207241118,0.5412927269935608,0.9999998807907104,225.56046458829587,169845.0,5.883169559223782,3.681625589110027,1.0,3.0,5.0,11.0,12.0,665763.0,113164.0,topcow_mr_020
cow_dataset/CoW_Centerline_Data/cow_meshes/topcow_mr_021.vtp,64.82634353637695,46.20342445373535,39.257936239242554,117585.33396451773,78188.0,156376.0,-0.0009868270155903094,0.5773494400039751,-0.9999997615814209,-0.5213427543640137,0.00010682025458663702,0.5146908760070801,0.999997079372406,-231.47409208492536,234564.0,6.214323169795876,3.7297122282966524,1.0,3.0,6.0,11.0,12.0,971771.0,156376.0,topcow_mr_021
cow_dataset/CoW_Centerline_Data/cow_meshes/topcow_mr_022.vtp,67.6794376373291,49.439035415649414,47.132850646972656,157706.80644742234,112474.0,224940.0,0.00098157087571449,0.5773494474403509,-1.0,-0.5345255732536316,0.00010243983706459403,0.536055326461792,1.0,331.2036080253347,337422.0,6.208655641504401,3.8736305383846386,1.0,4.0,6.0,7.0,15.0,1396575.0,224940.0,topcow_mr_022
cow_dataset/CoW_Centerline_Data/cow_meshes/topcow_mr_023.vtp,69.51639747619629,53.65992736816406,43.38484477996826,161836.09335164525,72998.0,145988.0,-0.0003772143577962202,0.5773501581812439,-1.0,-0.5578552484512329,4.8997529124295e-12,0.5530568957328796,1.0,-82.60768107122544,218994.0,5.793181631366962,3.1242420052251636,1.0,4.0,5.0,7.0,12.0,845735.0,145988.0,topcow_mr_023
cow_dataset/CoW_Centerline_Data/cow_meshes/topcow_mr_024.vtp,75.74934768676758,49.84875297546387,55.991050720214844,211422.7965952282,80424.0,160844.0,-0.0004035291669494214,0.5773501436971915,-1.0,-0.43779894709587097,-7.929551213535846e-17,0.4397135376930237,1.0,-97.36028916822079,241272.0,5.8890229041804485,3.1582043827194997,1.0,4.0,6.0,7.0,12.0,947214.0,160844.0,topcow_mr_024
cow_dataset/CoW_Centerline_Data/cow_meshes/topcow_mr_025.vtp,62.022003173828125,46.4434757232666,41.48972702026367,119511.88054968299,75015.0,149998.0,0.0010900832726473794,0.5773492534284201,-0.9999848008155823,-0.5323953628540039,0.0006791138439439237,0.5323953628540039,0.9999848008155823,245.3177900929295,225045.0,5.841811224149655,3.37229816941554,1.0,3.0,5.0,7.0,12.0,876260.0,149998.0,topcow_mr_025
cow_dataset/CoW_Centerline_Data/cow_meshes/topcow_mr_026.vtp,58.5094108581543,37.48402690887451,30.56667137145996,67037.85563687052,64944.0,129880.0,-0.00020160924551832415,0.577350245678415,-0.9999976754188538,-0.5275574922561646,-0.000377393007511273,0.5263153314590454,0.9999976754188538,-39.27993252282613,194832.0,5.523860486603018,3.1414355984122118,1.0,3.0,5.0,6.0,12.0,717439.0,129880.0,topcow_mr_026
cow_dataset/CoW_Centerline_Data/cow_meshes/topcow_mr_027.vtp,58.44398307800293,41.458919525146484,38.17104661464691,92489.37698339277,82690.0,165392.0,0.0010754778894263351,0.5773492806605657,-1.0,-0.5558589696884155,0.0,0.5594532489776611,1.0,266.79380002999096,248070.0,5.6844647866885945,3.0613429516148294,1.0,4.0,5.0,6.0,12.0,940165.0,165392.0,topcow_mr_027
cow_dataset/CoW_Centerline_Data/cow_meshes/topcow_mr_028.vtp,66.11267280578613,46.541160583496094,49.01618766784668,150820.87437615512,112524.0,225080.0,0.0012101826723194223,0.5773490157917833,-0.9999916553497314,-0.5344856381416321,2.559339407071093e-10,0.5389382243156433,0.9999621510505676,408.52378506021205,337572.0,5.891220899235828,3.0025348071073092,1.0,4.0,6.0,7.0,12.0,1325996.0,225080.0,topcow_mr_028
cow_dataset/CoW_Centerline_Data/cow_meshes/topcow_mr_029.vtp,74.5773811340332,53.21075630187988,35.870481729507446,142345.5089189727,117690.0,235384.0,0.0008496037456045056,0.5773447517398199,-0.9999996423721313,-0.5594685077667236,1.3217369996709749e-05,0.5608742833137512,1.0,299.9695944605828,353070.0,5.581517860177412,3.035210556753368,1.0,4.0,5.0,7.0,12.0,1313800.0,235384.0,topcow_mr_029
cow_dataset/CoW_Centerline_Data/cow_meshes/topcow_mr_030.vtp,53.415658950805664,42.4752311706543,30.369131207466125,68902.77441962268,70726.0,141448.0,0.0005855944014366487,0.5773499838789476,-0.9999990463256836,-0.5552601218223572,9.030237495266658e-12,0.5585414171218872,0.9999990463256836,124.25024890802524,212178.0,5.415587353656467,3.1818506627121286,1.0,3.0,5.0,6.0,12.0,766024.0,141448.0,topcow_mr_030
cow_dataset/CoW_Centerline_Data/cow_meshes/topcow_mr_031.vtp,55.388248443603516,39.30155944824219,37.60651397705078,81863.53457952473,78634.0,157264.0,-0.0002404991377887687,0.5773502322511781,-0.9999914765357971,-0.5421770811080933,0.00030528553179465234,0.5395737290382385,0.9999914765357971,-56.734227602646115,235902.0,5.199886814528436,2.966651255849029,1.0,4.0,4.0,6.0,12.0,817755.0,157264.0,topcow_mr_031
cow_dataset/CoW_Centerline_Data/cow_meshes/topcow_mr_032.vtp,55.38235092163086,36.05810832977295,40.24724197387695,80373.05033510432,81796.0,163596.0,0.0003695232954380137,0.5773501631617867,-0.9999987483024597,-0.560110867023468,0.00025750615168362856,0.560110867023468,0.9999997019767761,90.6765824209433,245388.0,5.563222817183794,2.711354929043299,1.0,4.0,5.0,6.0,12.0,910121.0,163596.0,topcow_mr_032
cow_dataset/CoW_Centerline_Data/cow_meshes/topcow_mr_033.vtp,72.7630615234375,33.31772518157959,32.64457669854164,79140.2370793205,76302.0,152604.0,1.3957123887211044e-05,0.5773502818097972,-1.0,-0.5282180905342102,0.0,0.5303037166595459,1.0,3.1948694005259313,228906.0,5.743932007024718,3.0127604591331916,1.0,4.0,6.0,7.0,12.0,876547.0,152604.0,topcow_mr_033
cow_dataset/CoW_Centerline_Data/cow_meshes/topcow_mr_034.vtp,57.51616859436035,33.7316837310791,30.369503021240234,58920.39542353348,71852.0,143716.0,0.0037132526137198386,0.5773343189896258,-1.0,-0.5397687554359436,0.0,0.5468519926071167,1.0,800.4138804029935,215556.0,5.8794636644493306,2.8114594017981864,1.0,4.0,6.0,6.0,12.0,844973.0,143716.0,topcow_mr_034
cow_dataset/CoW_Centerline_Data/cow_meshes/topcow_mr_035.vtp,50.59233474731445,25.539578437805176,27.119474411010742,35041.26005506506,38536.0,77068.0,0.001490294108036387,0.5773483574259769,-1.0,-0.5261522531509399,0.0,0.5305625796318054,1.0,172.28992124187062,115608.0,6.43177453677272,3.353307405734897,1.0,4.0,6.0,11.0,12.0,495684.0,77068.0,topcow_mr_035
cow_dataset/CoW_Centerline_Data/cow_meshes/topcow_mr_036.vtp,62.72215461730957,40.339266777038574,42.90052843093872,108545.44674640434,107874.0,215764.0,-0.00021614412471078427,0.5773502428578652,-0.9999858140945435,-0.5399777293205261,0.0014926621224731207,0.5395812392234802,0.9999858140945435,-69.94899392715342,323622.0,5.295693442835691,3.1030773430568033,1.0,4.0,4.0,6.0,12.0,1142620.0,215764.0,topcow_mr_036
cow_dataset/CoW_Centerline_Data/cow_meshes/topcow_mr_037.vtp,50.19305229187012,34.549818992614746,23.400516510009766,40580.26010152906,64842.0,129688.0,0.001387318638953615,0.5773486154776405,-0.9999997615814209,-0.5466245412826538,0.0007410761900246143,0.550655722618103,0.9999995231628418,269.86954556109094,194526.0,5.582073900437974,3.3672105492085116,1.0,3.0,5.0,6.0,12.0,723928.0,129688.0,topcow_mr_037
cow_dataset/CoW_Centerline_Data/cow_meshes/topcow_mr_038.vtp,58.77183151245117,44.79018592834473,38.17240262031555,100485.08078517993,71331.0,142578.0,-0.00010313451131402924,0.5773502688390456,-1.0,-0.5366268157958984,0.0,0.5337588787078857,1.0,-22.07006347962306,213993.0,5.608494999228492,3.3852397077243475,1.0,3.0,5.0,7.0,12.0,799648.0,142578.0,topcow_mr_038
cow_dataset/CoW_Centerline_Data/cow_meshes/topcow_mr_039.vtp,63.468257904052734,40.30370044708252,34.76691818237305,88933.97329876687,74184.0,148326.0,-0.0007968382212329968,0.5773458383544741,-0.9999998807907104,-0.5298265814781189,-1.7791215213946998e-05,0.5218550562858582,0.9999998807907104,-177.3379398118459,222552.0,5.447851354448984,2.97801966470696,1.0,4.0,5.0,6.0,12.0,808058.0,148326.0,topcow_mr_039
cow_dataset/CoW_Centerline_Data/cow_meshes/topcow_mr_040.vtp,60.70631790161133,37.84602737426758,34.4846076965332,79228.14372479719,70642.0,141288.0,0.0016481662681994368,0.5773479256199571,-0.9999504685401917,-0.5075974464416504,0.001479476923123002,0.5128620266914368,0.9998856782913208,349.28928455443383,211926.0,6.176051752448899,3.4893052574871444,1.0,4.0,6.0,8.0,15.0,872602.0,141288.0,topcow_mr_040
cow_dataset/CoW_Centerline_Data/cow_meshes/topcow_mr_041.vtp,63.931840896606445,51.711294174194336,40.74458694458008,134701.53239021846,60962.0,121936.0,0.0007635868511266037,0.5773497728632148,-0.9999834299087524,-0.5403087139129639,0.0029072134057059884,0.5454229712486267,0.999987006187439,139.64934485514004,182886.0,6.322119800551109,3.2235364126413204,1.0,4.0,6.0,9.0,12.0,770894.0,121936.0,topcow_mr_041
cow_dataset/CoW_Centerline_Data/cow_meshes/topcow_mr_042.vtp,60.94510078430176,42.73437690734863,40.23156023025513,104781.1235547537,75004.0,150012.0,0.0015025823751719375,0.5773483262260156,-0.9999994039535522,-0.5286256670951843,0.00047319402801804245,0.5401915907859802,0.9999822378158569,338.099065402188,225012.0,5.889115537423673,3.120927923504227,1.0,4.0,6.0,7.0,12.0,883438.0,150012.0,topcow_mr_042
cow_dataset/CoW_Centerline_Data/cow_meshes/topcow_mr_043.vtp,60.72710418701172,45.60717582702637,38.88227844238281,107688.03635578339,65334.0,130664.0,-0.0004696014687297897,0.5773456732631272,-0.9999997019767761,-0.5594026446342468,4.606203439505574e-12,0.5564351677894592,0.9999997019767761,-92.04282707397624,196002.0,6.116420743280475,3.5908550857904324,1.0,4.0,6.0,7.0,15.0,799196.0,130664.0,topcow_mr_043
cow_dataset/CoW_Centerline_Data/cow_meshes/topcow_mr_044.vtp,56.24946212768555,37.14479637145996,40.71830129623413,85075.7933086623,66430.0,132856.0,0.000759169519000271,0.5773497830983113,-0.9999991059303284,-0.5498447418212891,8.220942254411057e-05,0.5539144277572632,0.9999945163726807,151.294893441564,199290.0,5.730482627807551,3.1364759074967923,1.0,4.0,6.0,6.0,12.0,761329.0,132856.0,topcow_mr_044
cow_dataset/CoW_Centerline_Data/cow_meshes/topcow_mr_045.vtp,66.08042335510254,39.641695976257324,43.79677391052246,114727.40343439051,71418.0,142840.0,0.0003048693283177238,0.5773502014528767,-0.9999673366546631,-0.5065553784370422,3.5416208854499587e-10,0.5096840262413025,0.9999673366546631,65.3194730693856,214254.0,5.724460935312237,3.494442254444118,1.0,3.0,5.0,7.0,12.0,817682.0,142840.0,topcow_mr_045
cow_dataset/CoW_Centerline_Data/cow_meshes/topcow_mr_046.vtp,65.5286979675293,44.89666557312012,39.4095458984375,115943.67372523695,64376.0,128704.0,-2.4884311962725733e-05,0.577350278428998,-0.9999971985816956,-0.5451849699020386,0.0007136539206840098,0.5481349229812622,0.9999971985816956,-4.805857400737295,193128.0,6.807908068125311,3.81277629935236,1.0,4.0,6.0,11.0,15.0,876205.0,128704.0,topcow_mr_046
cow_dataset/CoW_Centerline_Data/cow_meshes/topcow_mr_047.vtp,55.71409034729004,50.19026184082031,31.178699493408203,87185.1465134548,53078.0,106156.0,0.0004614262021766579,0.5773500964851168,-0.9999977946281433,-0.5449227094650269,0.0002038755192188546,0.5459438562393188,0.9999793767929077,73.47473987739795,159234.0,6.557151738950224,3.8656897471791103,1.0,3.0,6.0,11.0,12.0,696081.0,106156.0,topcow_mr_047
cow_dataset/CoW_Centerline_Data/cow_meshes/topcow_mr_048.vtp,54.217952728271484,54.40985870361328,42.61647987365723,125718.23834974784,89172.0,178360.0,0.0009052015643899486,0.577349571187742,-0.9999307990074158,-0.5318092703819275,0.0026229792274534702,0.5348728895187378,0.9999307990074158,242.15590169934148,267516.0,5.873469387755102,3.2376184848386305,1.0,4.0,6.0,7.0,12.0,1047592.0,178360.0,topcow_mr_048
cow_dataset/CoW_Centerline_Data/cow_meshes/topcow_mr_049.vtp,59.9490852355957,46.36055946350098,31.16600799560547,86618.84861795911,75124.0,150184.0,-0.001445230925377229,0.5773484726782431,-1.0,-0.5598852634429932,0.0,0.5594532489776611,1.0,-325.71458411411686,225372.0,6.003995099344804,3.793074670586182,1.0,3.0,5.0,11.0,12.0,901704.0,150184.0,topcow_mr_049
cow_dataset/CoW_Centerline_Data/cow_meshes/topcow_mr_050.vtp,57.31797981262207,33.12833118438721,38.20761489868164,72550.49203249215,67620.0,135192.0,0.0010931722825950937,0.5773492436470792,-0.9996842741966248,-0.513919472694397,0.005007142201066017,0.5169622302055359,0.9997656941413879,221.7609292472407,202860.0,5.97608586306882,3.4453388550315998,1.0,4.0,6.0,9.0,12.0,807919.0,135192.0,topcow_mr_050
cow_dataset/CoW_Centerline_Data/cow_meshes/topcow_mr_051.vtp,59.143558502197266,53.41790962219238,34.182281494140625,107992.94546475788,58916.0,117832.0,8.894513146604031e-08,0.5773502816807288,-1.0,-0.5543327927589417,4.721163564258557e-12,0.553635835647583,1.0,0.015720874096359694,176748.0,5.801166066942766,3.3852619249950995,1.0,3.0,5.0,7.0,12.0,683563.0,117832.0,topcow_mr_051
cow_dataset/CoW_Centerline_Data/cow_meshes/topcow_mr_052.vtp,52.71199035644531,43.95474433898926,34.45310878753662,79825.8568378428,63604.0,127208.0,-0.0002840018119144987,0.5773502127660313,-0.9999646544456482,-0.5338262319564819,0.0020765408407896757,0.5326356291770935,0.9999646544456482,-54.190953735029325,190812.0,5.87310546506509,3.632366853712345,1.0,3.0,5.0,7.0,15.0,747106.0,127208.0,topcow_mr_052
cow_dataset/CoW_Centerline_Data/cow_meshes/topcow_mr_053.vtp,56.652814865112305,42.78215312957764,44.14607107639313,106998.13039681499,81642.0,163284.0,0.0005779284185628695,0.5773499906692963,-0.9999969005584717,-0.5179943442344666,0.0010036419844254851,0.524042010307312,0.99997478723526,141.54969584492937,244926.0,5.94399328776855,3.478882545244379,1.0,4.0,5.0,7.0,12.0,970559.0,163284.0,topcow_mr_053
cow_dataset/CoW_Centerline_Data/cow_meshes/topcow_mr_054.vtp,70.35958290100098,40.99921703338623,46.379947662353516,133791.66963781594,84638.0,169210.0,0.001193707873819684,0.577349049660411,-0.9999991655349731,-0.5404397249221802,0.0009238276979885995,0.54784095287323,0.9999991655349731,303.0991410730512,253914.0,5.797636073518113,3.4088315742422326,1.0,4.0,5.0,7.0,12.0,981018.0,169210.0,topcow_mr_054
cow_dataset/CoW_Centerline_Data/cow_meshes/topcow_mr_055.vtp,59.88190269470215,55.825361251831055,40.759063720703125,136254.65002636402,76386.0,152788.0,-7.9275478121438e-05,0.5773502739455638,-0.9998559355735779,-0.4864230155944824,0.002684070263057947,0.4865467995405197,0.9999010562896729,-18.16661001535249,229158.0,5.994305835536823,3.5974052075818426,1.0,4.0,5.0,11.0,12.0,915858.0,152788.0,topcow_mr_055
cow_dataset/CoW_Centerline_Data/cow_meshes/topcow_mr_056.vtp,57.882713317871094,49.643394470214844,41.40436363220215,118975.20580072762,79864.0,159744.0,3.0193840666945613e-05,0.5773502813873843,-0.9999999403953552,-0.552739679813385,-4.845446092971439e-12,0.5557763576507568,0.9999999403953552,7.234202673074833,239592.0,6.052333733974359,3.7882386098587033,1.0,4.0,5.0,7.0,15.0,966824.0,159744.0,topcow_mr_056
cow_dataset/CoW_Centerline_Data/cow_meshes/topcow_mr_057.vtp,72.6137809753418,36.46577191352844,59.36940574645996,157205.2928830107,86959.0,173836.0,-5.587680699129507e-05,0.577350282076423,-0.9998854994773865,-0.551607608795166,-0.003663556883111596,0.5513812303543091,0.9998854994773865,-14.576973777468083,260877.0,5.638107181481396,3.280336805277555,1.0,4.0,5.0,6.0,12.0,980106.0,173836.0,topcow_mr_057
cow_dataset/CoW_Centerline_Data/cow_meshes/topcow_mr_058.vtp,55.87650108337402,41.49270439147949,34.23306322097778,79368.23224382747,60623.0,121200.0,1.4781356446900279e-05,0.5773502785900583,-0.9999995827674866,-0.5571510791778564,3.131954508717172e-05,0.5571510791778564,0.9999997615814209,2.6882705156413067,181869.0,5.781023102310231,3.350087867838478,1.0,3.0,5.0,7.0,12.0,700660.0,121200.0,topcow_mr_058
cow_dataset/CoW_Centerline_Data/cow_meshes/topcow_mr_059.vtp,66.42862129211426,49.88994789123535,44.32429790496826,146896.0623292962,78506.0,156976.0,0.0031520094583303367,0.5773416776231493,-0.9999988675117493,-0.5535336136817932,-3.239792931708507e-05,0.555837869644165,0.9999998211860657,742.3549636070443,235518.0,5.875860004077056,3.3042993855099136,1.0,4.0,6.0,7.0,12.0,922369.0,156976.0,topcow_mr_059
cow_dataset/CoW_Centerline_Data/cow_meshes/topcow_mr_060.vtp,55.561845779418945,39.88228988647461,52.998724937438965,117441.65746610415,72572.0,145140.0,0.0012689896033225019,0.5773409309153158,-0.9998911619186401,-0.480114221572876,0.006026014219969511,0.48011791706085205,0.9997178912162781,276.2793404769618,217716.0,5.956827890312802,3.4730179899714635,1.0,4.0,6.0,7.0,12.0,864574.0,145140.0,topcow_mr_060
cow_dataset/CoW_Centerline_Data/cow_meshes/topcow_mr_061.vtp,61.712934494018555,55.00934982299805,41.79537105560303,141886.4409245894,92986.0,185984.0,0.0009516446459195539,0.5773495004090891,-0.9999987483024597,-0.5556502342224121,0.00025333758094348013,0.5578895211219788,0.9999966025352478,265.46888713642693,278958.0,5.894550068823125,3.4227208539833973,1.0,3.0,6.0,8.0,12.0,1096292.0,185984.0,topcow_mr_061
cow_dataset/CoW_Centerline_Data/cow_meshes/topcow_mr_062.vtp,58.74858474731445,39.13325500488281,40.57669734954834,93286.77459509978,69444.0,138884.0,0.0003280627708307121,0.577350188414792,-0.9999762773513794,-0.48720067739486694,-1.2486831013625022e-10,0.495573490858078,0.9999207854270935,68.3459731727039,208332.0,5.654315831917284,3.42325633862349,1.0,3.0,5.0,7.0,12.0,785294.0,138884.0,topcow_mr_062
cow_dataset/CoW_Centerline_Data/cow_meshes/topcow_mr_063.vtp,61.44204330444336,39.664939880371094,43.56562042236328,106173.55369041643,58280.0,116564.0,-0.0007066734761341028,0.5773498500451272,-0.99943608045578,-0.4710133373737335,-0.001923767034895718,0.47066062688827515,0.99943608045578,-123.55479056728655,174840.0,5.9460897017947225,3.4114128226091243,1.0,4.0,6.0,8.0,12.0,693100.0,116564.0,topcow_mr_063
cow_dataset/CoW_Centerline_Data/cow_meshes/topcow_mr_064.vtp,55.360565185546875,49.63296413421631,38.38718605041504,105476.8145341689,74754.0,149512.0,0.0024288057697465612,0.5773451723704521,-0.9999994039535522,-0.5467954874038696,0.0010599704692140222,0.5524173974990845,0.9999994039535522,544.6888395349033,224262.0,6.160094173042967,3.399837964952402,1.0,4.0,6.0,9.0,12.0,921008.0,149512.0,topcow_mr_064
cow_dataset/CoW_Centerline_Data/cow_meshes/topcow_mr_065.vtp,58.33168029785156,40.6119270324707,43.47638511657715,102993.90180115314,88220.0,176448.0,0.00016304366913207194,0.5773437131720818,-0.9999485611915588,-0.5433419346809387,0.0006650608556810766,0.5442397594451904,0.9999485611915588,43.151137472494156,264660.0,6.072236579615524,3.136258530085473,1.0,4.0,6.0,8.0,12.0,1071434.0,176448.0,topcow_mr_065
cow_dataset/CoW_Centerline_Data/cow_meshes/topcow_mr_066.vtp,58.181142807006836,45.008771896362305,31.89800453186035,83530.08549396,61088.0,122176.0,-0.00014996842584448906,0.5773502652223862,-0.9999951720237732,-0.552514910697937,0.0001745610061334446,0.5527413487434387,0.9999951720237732,-27.48381359396444,183264.0,5.960368648507072,3.2089089815777085,1.0,4.0,6.0,7.0,12.0,728214.0,122176.0,topcow_mr_066
cow_dataset/CoW_Centerline_Data/cow_meshes/topcow_mr_067.vtp,68.1941146850586,50.052791595458984,36.417189955711365,124303.0060731072,65726.0,131452.0,-0.00019462543764847855,0.577350250340031,-1.0,-0.538100004196167,-7.042283856756315e-12,0.5388703346252441,1.0,-38.3758545446517,197178.0,5.450164318534522,2.9721246585451118,1.0,4.0,5.0,7.0,12.0,716435.0,131452.0,topcow_mr_067
cow_dataset/CoW_Centerline_Data/cow_meshes/topcow_mr_068.vtp,57.10969352722168,39.46959686279297,24.96220588684082,56267.22293069315,55920.0,111836.0,-0.0003442873401391058,0.5773501798254439,-0.9999756813049316,-0.39821353554725647,0.0026574493385851383,0.39008843898773193,0.9999791383743286,-57.757644181736396,167760.0,5.56073178582925,3.168326492865657,1.0,4.0,4.0,6.0,12.0,621890.0,111836.0,topcow_mr_068
cow_dataset/CoW_Centerline_Data/cow_meshes/topcow_mr_069.vtp,53.30603790283203,39.95768356323242,30.45943295955658,64878.15951332595,61556.0,123104.0,0.0007227030128538134,0.5773498266446452,-0.9999947547912598,-0.5351395606994629,0.0008083506254479289,0.5377120971679688,0.9999947547912598,133.460119977688,184668.0,5.852783012737198,3.47660235396171,1.0,3.0,5.0,8.0,12.0,720501.0,123104.0,topcow_mr_069
cow_dataset/CoW_Centerline_Data/cow_meshes/topcow_mr_070.vtp,52.93764305114746,43.637868881225586,32.14338030666113,74253.97047164026,67024.0,134056.0,0.0009547746999955455,0.5773494895098109,-1.0,-0.5448732972145081,0.0,0.5499719381332397,1.0,191.97845847750432,201072.0,5.657605776690338,3.234289594096097,1.0,4.0,5.0,6.0,12.0,758436.0,134056.0,topcow_mr_070
cow_dataset/CoW_Centerline_Data/cow_meshes/topcow_mr_071.vtp,56.89895820617676,44.5286750793457,41.304959416389465,104651.70003370206,75354.0,150700.0,0.001157480998448507,0.5773491212703564,-0.9996475577354431,-0.513416051864624,0.0026827657129615545,0.515694797039032,0.9996475577354431,261.6624694712664,226062.0,5.7614200398142,3.6409345075586,1.0,3.0,5.0,7.0,15.0,868246.0,150700.0,topcow_mr_071
cow_dataset/CoW_Centerline_Data/cow_meshes/topcow_mr_072.vtp,56.1240291595459,42.97910499572754,35.858699798583984,86496.94074269349,66516.0,133036.0,0.0008415693115903204,0.5773496695680972,-0.9999971985816956,-0.5490481853485107,6.794757791794837e-05,0.5493195652961731,0.9999983310699463,167.93347298922527,199548.0,5.522918608496949,2.9989614060100975,1.0,4.0,5.0,6.0,12.0,734747.0,133036.0,topcow_mr_072
cow_dataset/CoW_Centerline_Data/cow_meshes/topcow_mr_073.vtp,66.36863708496094,47.24980163574219,47.76449394226074,149784.91237156917,85850.0,171700.0,-0.00021286359802386525,0.5773502403182842,-0.9998959302902222,-0.5359122157096863,0.0034079132601618767,0.5342157483100891,0.9999906420707703,-54.823019671046495,257550.0,6.066365754222481,3.67334585709692,1.0,4.0,6.0,11.0,12.0,1041595.0,171700.0,topcow_mr_073
cow_dataset/CoW_Centerline_Data/cow_meshes/topcow_mr_074.vtp,60.35137367248535,52.152883529663086,37.3598690032959,117590.11902029652,72500.0,145004.0,9.41675815917953e-05,0.5773502723535899,-0.9999585747718811,-0.5176522135734558,-7.39672759664245e-05,0.5176522135734558,0.9999806880950928,20.481448996215477,217500.0,5.74566218862928,2.9854039996559854,1.0,4.0,6.0,6.0,12.0,833144.0,145004.0,topcow_mr_074
cow_dataset/CoW_Centerline_Data/cow_meshes/topcow_mr_075.vtp,62.94492721557617,41.66081094741821,35.10062885284424,92045.66768413226,78970.0,157932.0,0.0011829162510941323,0.5773490695115399,-0.9999445080757141,-0.5260886549949646,0.0012702945386990905,0.5358778238296509,0.9999251365661621,280.24468904671085,236910.0,5.954341108831649,3.4579287429026397,1.0,4.0,6.0,7.0,12.0,940381.0,157932.0,topcow_mr_075
cow_dataset/CoW_Centerline_Data/cow_meshes/topcow_mr_076.vtp,62.87981986999512,43.94071578979492,38.94144344329834,107594.59661255032,89368.0,178728.0,0.0004264382942312927,0.5773501225967915,-0.9999956488609314,-0.5404872298240662,0.0017938335658982396,0.5404872298240662,0.9999956488609314,114.32981243658651,268104.0,5.65901257777181,3.186150270792561,1.0,4.0,5.0,7.0,12.0,1011424.0,178728.0,topcow_mr_076
cow_dataset/CoW_Centerline_Data/cow_meshes/topcow_mr_077.vtp,55.91224479675293,58.65866470336914,43.099660873413086,141355.57919066268,94318.0,188560.0,-0.00043287804696187085,0.5773501188397879,-1.0,-0.5560218691825867,0.0,0.5594532489776611,1.0,-122.48457490004921,282954.0,6.11231438268986,3.7692705300662364,1.0,4.0,6.0,9.0,15.0,1152538.0,188560.0,topcow_mr_077
cow_dataset/CoW_Centerline_Data/cow_meshes/topcow_mr_078.vtp,70.35741996765137,52.22768020629883,46.52835559844971,170973.32022382712,85770.0,171536.0,-8.071403567561721e-06,0.5773502808762337,-0.9999566078186035,-0.5269785523414612,-0.0009659827337600291,0.527580201625824,0.9999532103538513,-2.0768528519693064,257310.0,6.028151525044305,3.036340784459791,1.0,4.0,6.0,7.0,12.0,1034045.0,171536.0,topcow_mr_078
cow_dataset/CoW_Centerline_Data/cow_meshes/topcow_mr_079.vtp,56.834848403930664,45.31785297393799,34.68900680541992,89346.16120258361,74326.0,148652.0,0.00024288682463838104,0.5773463440089011,-0.9999980926513672,-0.5622323751449585,3.217580888303928e-05,0.5627678632736206,0.9999982118606567,54.15841838421693,222978.0,5.727524688534295,2.815814503408114,1.0,4.0,6.0,6.0,12.0,851408.0,148652.0,topcow_mr_079
cow_dataset/CoW_Centerline_Data/cow_meshes/topcow_mr_080.vtp,52.54018783569336,53.952138900756836,34.64279294013977,98200.38395825929,74204.0,148408.0,0.0008527449826095575,0.5773496501747554,-1.0,-0.511259913444519,0.0,0.520193874835968,1.0,189.83126606867881,222612.0,5.589833432159991,3.2306096305076655,1.0,3.0,5.0,6.0,12.0,829576.0,148408.0,topcow_mr_080
cow_dataset/CoW_Centerline_Data/cow_meshes/topcow_mr_081.vtp,61.22146034240723,50.94774055480957,44.230682373046875,137959.70368243862,86472.0,172944.0,0.001104507951486703,0.5773492235623989,-0.9999983906745911,-0.5531738996505737,1.4565279343514703e-05,0.5567435026168823,1.0,286.52703474287455,259416.0,5.518219770561569,3.0960401480575506,1.0,4.0,5.0,6.0,12.0,954343.0,172944.0,topcow_mr_081
cow_dataset/CoW_Centerline_Data/cow_meshes/topcow_mr_082.vtp,67.93323707580566,60.549455642700195,50.59803867340088,208125.95099936213,95442.0,190858.0,0.00018445559296400337,0.57735025340825,-0.9999999403953552,-0.5533751249313354,-2.484107086697662e-10,0.5554583668708801,0.9999999403953552,52.81443211101123,286326.0,6.064644919259345,3.221368425242562,1.0,4.0,6.0,7.0,12.0,1157486.0,190858.0,topcow_mr_082
cow_dataset/CoW_Centerline_Data/cow_meshes/topcow_mr_083.vtp,61.9959774017334,50.72243309020996,40.589468002319336,127637.10593318782,66054.0,132104.0,0.0005041130294016303,0.5773500624416856,-0.9997414350509644,-0.4682285189628601,0.004698240663856268,0.4637765884399414,0.9997414350509644,99.89604613228585,198162.0,5.5614515836008,2.9941164576431314,1.0,4.0,6.0,6.0,12.0,734690.0,132104.0,topcow_mr_083
cow_dataset/CoW_Centerline_Data/cow_meshes/topcow_mr_084.vtp,68.13323593139648,58.608659744262695,44.346853256225586,177085.7498519394,94602.0,189220.0,0.0008612014436226128,0.5773496395072885,-0.999948263168335,-0.5373057723045349,0.003638346097432077,0.541036069393158,0.999948263168335,244.41413690875925,283806.0,5.991982877074305,3.5754013126026383,1.0,4.0,6.0,7.0,15.0,1133803.0,189220.0,topcow_mr_084
cow_dataset/CoW_Centerline_Data/cow_meshes/topcow_mr_085.vtp,48.65521049499512,47.3655948638916,23.79046630859375,54827.103939063905,64172.0,128278.0,-0.0004692946221789769,0.5773500921649474,-0.9999998807907104,-0.5516603589057922,-0.00014135635865386575,0.5525045990943909,0.9999988079071045,-90.34672348340791,192516.0,5.442078922340541,2.9434283505359615,1.0,4.0,5.0,6.0,12.0,698099.0,128278.0,topcow_mr_085
cow_dataset/CoW_Centerline_Data/cow_meshes/topcow_mr_086.vtp,72.70423126220703,51.36046028137207,42.48369789123535,158639.34416055342,91824.0,183656.0,0.0002244376984176536,0.5773502390316413,-0.9999925494194031,-0.5553061366081238,0.0007658170652575791,0.556132972240448,0.9999925494194031,61.82630165850787,275472.0,5.916229254693557,3.026257031996226,1.0,4.0,6.0,7.0,12.0,1086551.0,183656.0,topcow_mr_086
cow_dataset/CoW_Centerline_Data/cow_meshes/topcow_mr_087.vtp,55.16666030883789,45.757179260253906,29.7664852142334,75138.66840133879,64056.0,128108.0,0.002038861954927585,0.5773466807517519,-0.9999854564666748,-0.5439112186431885,9.214209421770647e-05,0.5522093176841736,1.0,391.8040241545241,192168.0,5.391724170231368,3.366891674747477,1.0,3.0,5.0,6.0,12.0,690723.0,128108.0,topcow_mr_087
cow_dataset/CoW_Centerline_Data/cow_meshes/topcow_mr_088.vtp,52.905426025390625,42.07603073120117,31.082778930664062,69191.83033606912,67396.0,134788.0,-3.6786768840135555e-05,0.57735028028678,-0.9999923706054688,-0.5261635780334473,0.00032255827682092786,0.5267721563577652,0.9999923706054688,-7.437843218249327,202188.0,5.338130990889397,3.093328427055307,1.0,3.0,5.0,6.0,12.0,719516.0,134788.0,topcow_mr_088
cow_dataset/CoW_Centerline_Data/cow_meshes/topcow_mr_089.vtp,60.88286590576172,41.913516998291016,35.92192459106445,91666.10725926032,70836.0,141672.0,-0.0005637888989746149,0.5773500061028969,-0.999979555606842,-0.552191972732544,-0.0006161605124361813,0.5479928851127625,0.999979555606842,-119.80965134329745,212508.0,5.481379524535547,2.976934405545763,1.0,4.0,5.0,6.0,12.0,776558.0,141672.0,topcow_mr_089
cow_dataset/CoW_Centerline_Data/cow_meshes/topcow_mr_090.vtp,60.00765609741211,51.63250160217285,43.032365798950195,133329.132606749,79978.0,159948.0,0.0018516804780215113,0.5773473131061241,-0.9999628663063049,-0.521461009979248,0.00830230861902237,0.5286530256271362,0.9999628663063049,444.2811038136133,239934.0,5.844962112686623,3.4986049566003845,1.0,4.0,6.0,7.0,15.0,934890.0,159948.0,topcow_mr_090
cow_dataset/CoW_Centerline_Data/cow_meshes/topcow_mr_131.vtp,62.95994186401367,37.6231164932251,43.13950252532959,102186.66326678888,81478.0,162968.0,-0.0001144345946340753,0.5773502730084201,-0.9999998211860657,-0.4760802686214447,-5.284695726004429e-05,0.4781496822834015,0.9999748468399048,-27.971705704785563,244434.0,5.57715011536007,2.959711381350842,1.0,4.0,5.0,6.0,12.0,908897.0,162968.0,topcow_mr_131
cow_dataset/CoW_Centerline_Data/cow_meshes/topcow_mr_132.vtp,58.835487365722656,43.654584884643555,39.405826568603516,101211.4530157314,62576.0,125148.0,8.930099293864807e-05,0.5773502737632535,-0.9996994137763977,-0.5142388939857483,-0.0005303874495439231,0.5200339704751968,0.9996994137763977,16.764296802386525,187728.0,6.101312046536901,3.363011278628309,1.0,4.0,6.0,9.0,12.0,763567.0,125148.0,topcow_mr_132
cow_dataset/CoW_Centerline_Data/cow_meshes/topcow_mr_133.vtp,66.90153121948242,42.094804763793945,46.29822635650635,130385.38429530564,78888.0,157800.0,0.0009756418102662939,0.5773494571109358,-0.9999988675117493,-0.5248429626226425,8.049293870326935e-11,0.5243135094642639,0.9999988675117493,230.89929338486218,236664.0,5.859081115335869,3.1300653616698244,1.0,4.0,6.0,7.0,12.0,924563.0,157800.0,topcow_mr_133
cow_dataset/CoW_Centerline_Data/cow_meshes/topcow_mr_134.vtp,66.1162052154541,46.956613540649414,41.220285415649414,127972.21356094201,75966.0,151932.0,-0.0011923762017850242,0.5773490516057597,-0.9999868273735046,-0.515264093875885,-0.003116240492090583,0.5088756680488586,0.9999868273735046,-271.74015163440345,227898.0,5.678415343706395,3.2792709608841695,1.0,4.0,6.0,7.0,12.0,862733.0,151932.0,topcow_mr_134
cow_dataset/CoW_Centerline_Data/cow_meshes/topcow_mr_135.vtp,68.97479629516602,44.35371971130371,38.94511866569519,119144.36464840146,74531.0,149040.0,-0.000776364726411293,0.5773497589383383,-0.999999463558197,-0.5156100988388062,-4.03012745664455e-05,0.5155616402626038,0.9999936819076538,-173.58971827248024,223593.0,5.989023081052067,3.1357611728450654,1.0,4.0,6.0,8.0,12.0,892604.0,149040.0,topcow_mr_135
cow_dataset/CoW_Centerline_Data/cow_meshes/topcow_mr_136.vtp,68.95645141601562,45.472280502319336,41.6214017868042,130508.36300600084,94346.0,188700.0,-2.369317306203129e-05,0.5773502796725625,-0.9999994039535522,-0.5585768818855286,-0.00010578906949376687,0.5614624619483948,0.9999994039535522,-6.706068317131212,283038.0,5.891393746687864,3.227460854737655,1.0,4.0,5.0,7.0,12.0,1111706.0,188700.0,topcow_mr_136
cow_dataset/CoW_Centerline_Data/cow_meshes/topcow_mr_137.vtp,66.2515640258789,47.603294372558594,36.12473917007446,113929.93886339216,84518.0,169048.0,-0.001298320397265443,0.5773488229764288,-0.9999998211860657,-0.5046979188919067,-0.0005198108847253025,0.5001855492591858,0.9999998211860657,-329.1943300082421,253554.0,5.684302683261559,3.0771359203860826,1.0,4.0,5.0,7.0,12.0,960920.0,169048.0,topcow_mr_137
cow_dataset/CoW_Centerline_Data/cow_meshes/topcow_mr_138.vtp,66.09662055969238,39.856672286987305,39.41062259674072,103823.00306695965,86236.0,172468.0,0.00014530797638551984,0.5773502645550903,-0.9999853372573853,-0.5572373867034912,-0.00021469556668307632,0.5584688782691956,0.9999938011169434,37.59233595474507,258708.0,5.748161977874156,3.174335591651446,1.0,4.0,5.0,7.0,12.0,991374.0,172468.0,topcow_mr_138
cow_dataset/CoW_Centerline_Data/cow_meshes/topcow_mr_139.vtp,57.79056930541992,40.76273536682129,41.77085876464844,98399.68230455073,68012.0,136028.0,3.763167270739591e-05,0.577350281166275,-0.9997660517692566,-0.511116087436676,-0.00545753026381135,0.5138082355260849,0.999782145023346,7.678215972526232,204036.0,5.770209074602287,3.425100597984787,1.0,4.0,5.0,7.0,12.0,784910.0,136028.0,topcow_mr_139
cow_dataset/CoW_Centerline_Data/cow_meshes/topcow_mr_140.vtp,59.70987510681152,37.21540927886963,44.690378189086914,99307.71568197773,66310.0,132624.0,0.0009788121335125477,0.5773494491148446,-0.9999978542327881,-0.5435632467269897,0.0008682962507009506,0.5449937582015991,0.9999921321868896,194.7150977196511,198930.0,5.730267523223549,3.4394591008754785,1.0,3.0,4.0,8.0,12.0,759971.0,132624.0,topcow_mr_140
cow_dataset/CoW_Centerline_Data/cow_meshes/topcow_mr_141.vtp,65.80758285522461,56.71417045593262,43.24206733703613,161389.01542266173,97836.0,195658.0,-0.0025632741980798706,0.5773445928872247,-0.9994065165519714,-0.5335540771484375,-0.0025220089592039585,0.5227257013320923,0.9993946552276611,-752.3414833300267,293508.0,5.928564127201546,3.1772943654696957,1.0,4.0,6.0,7.0,12.0,1159971.0,195658.0,topcow_mr_141
cow_dataset/CoW_Centerline_Data/cow_meshes/topcow_mr_142.vtp,58.7161865234375,52.81162428855896,36.30332374572754,112572.87431243942,77126.0,154252.0,0.00036516974066308705,0.5773501676113715,-0.9999982714653015,-0.55830979347229,-0.0002636354183778167,0.5576474070549011,0.9999908804893494,84.49224425514376,231378.0,6.009802141949537,3.3322129664302373,1.0,4.0,6.0,7.0,12.0,927024.0,154252.0,topcow_mr_142
cow_dataset/CoW_Centerline_Data/cow_meshes/topcow_mr_143.vtp,60.04379081726074,57.47552490234375,40.155224323272705,138577.62242553767,71312.0,142628.0,-0.00013987882147622425,0.5773502659943839,-0.9999992251396179,-0.5397264957427979,-0.0007648374303244054,0.5403319001197815,0.9999992251396179,-29.925115551337512,213936.0,6.022464032307822,3.5957158632857595,1.0,4.0,4.0,10.0,12.0,858972.0,142628.0,topcow_mr_143
cow_dataset/CoW_Centerline_Data/cow_meshes/topcow_mr_144.vtp,64.01540565490723,44.35367965698242,38.05498123168945,108050.22347465961,84712.0,169424.0,0.0003900438916365657,0.5773501480903739,-1.0,-0.5598852634429932,0.0,0.5598852634429932,1.0,99.12419444495026,254136.0,5.965394513174049,3.1998527587937953,1.0,4.0,6.0,7.0,12.0,1010681.0,169424.0,topcow_mr_144
cow_dataset/CoW_Centerline_Data/cow_meshes/topcow_mr_145.vtp,66.48950004577637,42.70806407928467,41.67559242248535,118343.5887703136,65120.0,130232.0,1.9287015811919052e-05,0.5773502792366546,-0.9999874830245972,-0.44016486406326294,-1.9205259604859748e-10,0.43724024295806885,0.9999874830245972,3.767911409016506,195360.0,5.749454819092082,3.4163163235100806,1.0,4.0,6.0,7.0,12.0,748763.0,130232.0,topcow_mr_145
cow_dataset/CoW_Centerline_Data/cow_meshes/topcow_mr_146.vtp,75.29095458984375,50.12932586669922,43.96964246034622,165953.95308735853,105678.0,211360.0,0.00041184408815210673,0.5773501346463791,-0.9999901056289673,-0.538930356502533,0.00023281363246496767,0.5399885922670364,0.9999991059303284,130.568578643215,317034.0,5.510995457986374,3.183596689458326,1.0,4.0,5.0,6.0,12.0,1164804.0,211360.0,topcow_mr_146
cow_dataset/CoW_Centerline_Data/cow_meshes/topcow_mr_147.vtp,62.62557792663574,46.74971961975098,39.17443084716797,114692.0862664984,88751.0,177498.0,0.00041417607402403976,0.5773501347617792,-0.999998152256012,-0.5560371279716492,0.00010152586764888838,0.5601681470870972,0.9999934434890747,110.27562223712266,266253.0,5.40075381131055,3.2104923001560826,1.0,3.0,4.0,6.0,12.0,958623.0,177498.0,topcow_mr_147
cow_dataset/CoW_Centerline_Data/cow_meshes/topcow_mr_148.vtp,66.17727661132812,48.358123779296875,39.056636810302734,124989.39804245734,85656.0,171316.0,-0.0008816424717396461,0.5773496049776926,-1.0,-0.5589035749435425,0.0,0.5582093596458435,1.0,-226.5539026779934,256968.0,5.959402507646688,3.2937123383510856,1.0,4.0,6.0,7.0,12.0,1020941.0,171316.0,topcow_mr_148
cow_dataset/CoW_Centerline_Data/cow_meshes/topcow_mr_149.vtp,65.74512100219727,49.06857872009277,35.0193977355957,112973.26506364915,70750.0,141500.0,0.00025492381694303134,0.577350226511467,-0.9999991059303284,-0.5561866164207458,0.000317995814839378,0.5558187365531921,0.9999748468399048,54.1075801461584,212250.0,5.762494699646643,3.1368652167061777,1.0,4.0,5.0,7.0,12.0,815393.0,141500.0,topcow_mr_149
cow_dataset/CoW_Centerline_Data/cow_meshes/topcow_mr_150.vtp,61.94106483459473,43.41897106170654,42.53690719604492,114399.49416893987,64457.0,128900.0,-0.0006166618650514408,0.5773499527928174,-1.0,-0.5190674662590027,-3.715583079722689e-16,0.5148118138313293,1.0,-119.24452150686216,193371.0,6.037501939487975,3.2843148354149263,1.0,4.0,6.0,7.0,12.0,778234.0,128900.0,topcow_mr_150
cow_dataset/CoW_Centerline_Data/cow_meshes/topcow_mr_151.vtp,57.68486213684082,45.500606536865234,37.26176071166992,97800.80231241703,62268.0,124540.0,-0.0009241417829594574,0.5773495397668701,-0.9999992251396179,-0.5480053424835205,-6.882310117362067e-05,0.5443534255027771,0.9999992251396179,-172.63338162395848,186804.0,6.091777742090894,3.1329219234522743,1.0,4.0,6.0,7.0,12.0,758670.0,124540.0,topcow_mr_151
cow_dataset/CoW_Centerline_Data/cow_meshes/topcow_mr_152.vtp,56.82959747314453,40.42706108093262,36.354915618896484,83523.73206631718,61014.0,122044.0,0.0011628901403687288,0.5773491120170494,-0.9999645352363586,-0.5324990004301071,0.002037863712757826,0.5357356071472168,0.9999645352363586,212.85773707337285,183042.0,5.97976139752876,3.574006769717937,1.0,3.0,5.0,9.0,12.0,729794.0,122044.0,topcow_mr_152
cow_dataset/CoW_Centerline_Data/cow_meshes/topcow_mr_153.vtp,66.30398178100586,41.43505668640137,38.887207984924316,106835.18595594885,64900.0,129796.0,0.0004439681494716162,0.5773501092455084,-1.0,-0.551520049571991,0.0,0.552666962146759,1.0,86.44059870212368,194700.0,5.787605165028198,3.2138999150719987,1.0,4.0,5.0,7.0,12.0,751208.0,129796.0,topcow_mr_153
cow_dataset/CoW_Centerline_Data/cow_meshes/topcow_mr_154.vtp,59.54282188415527,49.29329490661621,41.881629943847656,122925.17546633382,85788.0,171568.0,0.00020223615325692812,0.5773502461098446,-0.9999405145645142,-0.5260658264160156,0.0007918280316516757,0.526970624923706,0.9999405145645142,52.04830534681605,257364.0,5.544932621467873,3.1399793600509724,1.0,4.0,5.0,6.0,12.0,951333.0,171568.0,topcow_mr_154
cow_dataset/CoW_Centerline_Data/cow_meshes/topcow_mr_155.vtp,65.52234649658203,41.375515937805176,42.344804763793945,114797.65037179326,98488.0,196984.0,0.001414134513197853,0.5773485510897746,-0.9999808669090271,-0.5508561134338379,0.003598741488531232,0.5554196834564209,0.9999808669090271,417.8258398074904,295464.0,5.873761320716404,3.132868863021504,1.0,4.0,6.0,7.0,12.0,1157037.0,196984.0,topcow_mr_155
cow_dataset/CoW_Centerline_Data/cow_meshes/topcow_mr_156.vtp,60.37627601623535,46.71786308288574,41.69869899749756,117617.46019560336,71854.0,143708.0,0.0005707297935602107,0.5773499995225982,-0.9999269247055054,-0.5574992299079895,0.000102101759694051,0.5572593212127686,0.9999269247055054,123.02765575942612,215562.0,5.777792468060233,3.3018773552484344,1.0,4.0,6.0,7.0,12.0,830315.0,143708.0,topcow_mr_156
cow_dataset/CoW_Centerline_Data/cow_meshes/topcow_mr_157.vtp,59.81816482543945,43.82281684875488,43.00581634044647,112735.4676567224,93696.0,187408.0,0.00021181969777150618,0.5773502435615995,-0.9999958276748657,-0.5679711103439331,0.0005754363955929875,0.5670458078384399,0.9999952912330627,59.53997520719713,281088.0,5.931699820712029,3.053459266817727,1.0,4.0,6.0,7.0,12.0,1111648.0,187408.0,topcow_mr_157
cow_dataset/CoW_Centerline_Data/cow_meshes/topcow_mr_158.vtp,69.29546737670898,43.086801052093506,39.08339333534241,116692.06980080061,80652.0,161308.0,7.046754253105193e-05,0.5773502781744327,-0.9998560547828674,-0.5140314698219299,-0.00029411044670268893,0.5131976008415222,0.9998560547828674,17.0500447206432,241956.0,5.489027202618593,3.392827751038548,0.0,3.0,5.0,7.0,12.0,885424.0,161308.0,topcow_mr_158
cow_dataset/CoW_Centerline_Data/cow_meshes/topcow_mr_159.vtp,61.182254791259766,41.76500415802002,42.7418475151062,109217.2652678165,71102.0,142204.0,0.0001054359777531006,0.5773502711735158,-0.9999999403953552,-0.5546470880508423,7.427592395303773e-12,0.5560302138328552,0.9999999403953552,22.490126670602876,213306.0,6.412414559365419,3.967896085175788,1.0,3.0,6.0,11.0,15.0,911871.0,142204.0,topcow_mr_159
cow_dataset/CoW_Centerline_Data/cow_meshes/topcow_mr_160.vtp,60.51810073852539,53.69772148132324,35.50242668390274,115371.67214641618,78550.0,157108.0,-0.0010468671974477122,0.577349332157147,-0.9999990463256836,-0.5578025579452515,-8.361579602933489e-05,0.5565438866615295,0.9999990463256836,-246.6942550785534,235650.0,6.019203350561397,3.0747150924075974,1.0,4.0,6.0,7.0,12.0,945665.0,157108.0,topcow_mr_160
cow_dataset/CoW_Centerline_Data/cow_meshes/topcow_mr_161.vtp,69.79183006286621,45.4910249710083,45.776628494262695,145336.30405702835,119202.0,238400.0,0.0006795620677611358,0.577349881810839,-0.999977171421051,-0.5311064720153809,-0.0012593560386449099,0.5328584909439087,0.999977171421051,243.01547280378873,357606.0,5.650218120805369,3.2677396523659574,1.0,4.0,6.0,7.0,12.0,1347012.0,238400.0,topcow_mr_161
cow_dataset/CoW_Centerline_Data/cow_meshes/topcow_mr_162.vtp,60.71592140197754,50.99024772644043,37.65697707235813,116582.9836839264,60876.0,121748.0,0.0013196120864946298,0.5773487730248875,-0.9999760389328003,-0.4705076813697815,0.0013780751032754779,0.47936052083969116,0.9999760389328003,240.99811613234124,182628.0,6.051425896113283,3.6338285475249195,1.0,4.0,6.0,7.0,15.0,736749.0,121748.0,topcow_mr_162
cow_dataset/CoW_Centerline_Data/cow_meshes/topcow_mr_163.vtp,62.059770584106445,51.38796806335449,36.96618318557739,117889.79775991991,89688.0,179368.0,-0.00010024459308878666,0.5773502747013123,-0.9999982118606567,-0.539747416973114,-0.0001862169010564685,0.5381359457969666,0.9999906420707703,-26.972211194841293,269064.0,5.746671647116543,3.0687381174875994,1.0,4.0,6.0,7.0,12.0,1030769.0,179368.0,topcow_mr_163
cow_dataset/CoW_Centerline_Data/cow_meshes/topcow_mr_164.vtp,63.524169921875,52.43654441833496,44.60013800859451,148562.52262044942,81188.0,162380.0,0.0008988683145119939,0.5773495793431398,-0.9999976754188538,-0.5143576860427856,9.123769448282637e-12,0.5234462022781372,0.9999976754188538,218.93196215579928,243564.0,5.68730755019091,3.351411988391075,1.0,3.0,5.0,7.0,12.0,923505.0,162380.0,topcow_mr_164
cow_dataset/CoW_Centerline_Data/cow_meshes/topcow_mr_165.vtp,66.27885627746582,42.196455001831055,39.16645908355713,109538.11985783951,87012.0,174036.0,0.0009411198068521545,0.577349514170646,-1.0,-0.5571272969245911,0.0,0.5594532489776611,1.0,245.666149901459,261036.0,5.621130111011515,3.1082330938781406,1.0,4.0,5.0,6.0,12.0,978279.0,174036.0,topcow_mr_165
