run_name,arm_name,fold,auc,baseline_auc,auc_delta_vs_clinical_plus_tumor_size__lr__cv
clinical_plus_tumor_size__lr__cv,clinical_plus_tumor_size,0,0.562096079276174,0.562096079276174,0.0
clinical_plus_tumor_size__lr__cv,clinical_plus_tumor_size,1,0.606060606060606,0.606060606060606,0.0
clinical_plus_tumor_size__lr__cv,clinical_plus_tumor_size,2,0.5842532467532469,0.5842532467532469,0.0
clinical_plus_tumor_size__lr__cv,clinical_plus_tumor_size,3,0.6251623376623376,0.6251623376623376,0.0
clinical_plus_tumor_size__lr__cv,clinical_plus_tumor_size,4,0.5602813852813853,0.5602813852813853,0.0
clinical_plus_tumor_size__xgb__cv,clinical_plus_tumor_size,0,0.5264971994829815,0.562096079276174,-0.03559887979319254
clinical_plus_tumor_size__xgb__cv,clinical_plus_tumor_size,1,0.6014069264069265,0.606060606060606,-0.004653679653679466
clinical_plus_tumor_size__xgb__cv,clinical_plus_tumor_size,2,0.5715909090909091,0.5842532467532469,-0.012662337662337708
clinical_plus_tumor_size__xgb__cv,clinical_plus_tumor_size,3,0.516017316017316,0.6251623376623376,-0.1091450216450216
clinical_plus_tumor_size__xgb__cv,clinical_plus_tumor_size,4,0.5357142857142857,0.5602813852813853,-0.02456709956709957
clinical_plus_tumor_size_plus_morph__lr__cv,clinical_plus_tumor_size_plus_morph,0,0.5264971994829815,0.562096079276174,-0.03559887979319254
clinical_plus_tumor_size_plus_morph__lr__cv,clinical_plus_tumor_size_plus_morph,1,0.60254329004329,0.606060606060606,-0.0035173160173159745
clinical_plus_tumor_size_plus_morph__lr__cv,clinical_plus_tumor_size_plus_morph,2,0.5608766233766235,0.5842532467532469,-0.023376623376623384
clinical_plus_tumor_size_plus_morph__lr__cv,clinical_plus_tumor_size_plus_morph,3,0.6142316017316019,0.6251623376623376,-0.010930735930735791
clinical_plus_tumor_size_plus_morph__lr__cv,clinical_plus_tumor_size_plus_morph,4,0.5426948051948052,0.5602813852813853,-0.017586580086580095
clinical_plus_tumor_size_plus_morph__xgb__cv,clinical_plus_tumor_size_plus_morph,0,0.5003231365790608,0.562096079276174,-0.0617729426971132
clinical_plus_tumor_size_plus_morph__xgb__cv,clinical_plus_tumor_size_plus_morph,1,0.5466991341991343,0.606060606060606,-0.05936147186147167
clinical_plus_tumor_size_plus_morph__xgb__cv,clinical_plus_tumor_size_plus_morph,2,0.53495670995671,0.5842532467532469,-0.049296536796536894
clinical_plus_tumor_size_plus_morph__xgb__cv,clinical_plus_tumor_size_plus_morph,3,0.5504329004329004,0.6251623376623376,-0.07472943722943726
clinical_plus_tumor_size_plus_morph__xgb__cv,clinical_plus_tumor_size_plus_morph,4,0.5340909090909091,0.5602813852813853,-0.02619047619047621
clinical_plus_tumor_size_plus_graph__lr__cv,clinical_plus_tumor_size_plus_graph,0,0.5056010340370529,0.562096079276174,-0.05649504523912108
clinical_plus_tumor_size_plus_graph__lr__cv,clinical_plus_tumor_size_plus_graph,1,0.5956168831168831,0.606060606060606,-0.010443722943722866
clinical_plus_tumor_size_plus_graph__lr__cv,clinical_plus_tumor_size_plus_graph,2,0.5237012987012988,0.5842532467532469,-0.06055194805194808
clinical_plus_tumor_size_plus_graph__lr__cv,clinical_plus_tumor_size_plus_graph,3,0.6081709956709955,0.6251623376623376,-0.016991341991342113
clinical_plus_tumor_size_plus_graph__lr__cv,clinical_plus_tumor_size_plus_graph,4,0.556439393939394,0.5602813852813853,-0.0038419913419912577
clinical_plus_tumor_size_plus_graph__xgb__cv,clinical_plus_tumor_size_plus_graph,0,0.49552994398965966,0.562096079276174,-0.06656613528651434
clinical_plus_tumor_size_plus_graph__xgb__cv,clinical_plus_tumor_size_plus_graph,1,0.5547619047619047,0.606060606060606,-0.05129870129870129
clinical_plus_tumor_size_plus_graph__xgb__cv,clinical_plus_tumor_size_plus_graph,2,0.5687229437229437,0.5842532467532469,-0.015530303030303116
clinical_plus_tumor_size_plus_graph__xgb__cv,clinical_plus_tumor_size_plus_graph,3,0.5688311688311689,0.6251623376623376,-0.05633116883116873
clinical_plus_tumor_size_plus_graph__xgb__cv,clinical_plus_tumor_size_plus_graph,4,0.5701298701298703,0.5602813852813853,0.009848484848484995
clinical_plus_tumor_size_plus_kinematic__lr__cv,clinical_plus_tumor_size_plus_kinematic,0,0.5545562257647566,0.562096079276174,-0.007539853511417394
clinical_plus_tumor_size_plus_kinematic__lr__cv,clinical_plus_tumor_size_plus_kinematic,1,0.606060606060606,0.606060606060606,0.0
clinical_plus_tumor_size_plus_kinematic__lr__cv,clinical_plus_tumor_size_plus_kinematic,2,0.5842532467532469,0.5842532467532469,0.0
clinical_plus_tumor_size_plus_kinematic__lr__cv,clinical_plus_tumor_size_plus_kinematic,3,0.6251623376623376,0.6251623376623376,0.0
clinical_plus_tumor_size_plus_kinematic__lr__cv,clinical_plus_tumor_size_plus_kinematic,4,0.5602813852813853,0.5602813852813853,0.0
clinical_plus_tumor_size_plus_kinematic__xgb__cv,clinical_plus_tumor_size_plus_kinematic,0,0.5156721240844464,0.562096079276174,-0.046423955191727595
clinical_plus_tumor_size_plus_kinematic__xgb__cv,clinical_plus_tumor_size_plus_kinematic,1,0.5422619047619048,0.606060606060606,-0.06379870129870113
clinical_plus_tumor_size_plus_kinematic__xgb__cv,clinical_plus_tumor_size_plus_kinematic,2,0.5103354978354978,0.5842532467532469,-0.07391774891774905
clinical_plus_tumor_size_plus_kinematic__xgb__cv,clinical_plus_tumor_size_plus_kinematic,3,0.5693181818181818,0.6251623376623376,-0.05584415584415581
clinical_plus_tumor_size_plus_kinematic__xgb__cv,clinical_plus_tumor_size_plus_kinematic,4,0.5131493506493506,0.5602813852813853,-0.047132034632034636
clinical_plus_tumor_size_plus_vessel_all__lr__cv,clinical_plus_tumor_size_plus_vessel_all,0,0.5035006462731582,0.562096079276174,-0.05859543300301584
clinical_plus_tumor_size_plus_vessel_all__lr__cv,clinical_plus_tumor_size_plus_vessel_all,1,0.5908008658008659,0.606060606060606,-0.015259740259740084
clinical_plus_tumor_size_plus_vessel_all__lr__cv,clinical_plus_tumor_size_plus_vessel_all,2,0.5283008658008658,0.5842532467532469,-0.05595238095238109
clinical_plus_tumor_size_plus_vessel_all__lr__cv,clinical_plus_tumor_size_plus_vessel_all,3,0.5812229437229438,0.6251623376623376,-0.043939393939393834
clinical_plus_tumor_size_plus_vessel_all__lr__cv,clinical_plus_tumor_size_plus_vessel_all,4,0.5367424242424242,0.5602813852813853,-0.023538961038961026
clinical_plus_tumor_size_plus_vessel_all__xgb__cv,clinical_plus_tumor_size_plus_vessel_all,0,0.5157798362774666,0.562096079276174,-0.0463162429987074
clinical_plus_tumor_size_plus_vessel_all__xgb__cv,clinical_plus_tumor_size_plus_vessel_all,1,0.5893398268398269,0.606060606060606,-0.01672077922077908
clinical_plus_tumor_size_plus_vessel_all__xgb__cv,clinical_plus_tumor_size_plus_vessel_all,2,0.5444805194805196,0.5842532467532469,-0.03977272727272729
clinical_plus_tumor_size_plus_vessel_all__xgb__cv,clinical_plus_tumor_size_plus_vessel_all,3,0.6047077922077921,0.6251623376623376,-0.020454545454545503
clinical_plus_tumor_size_plus_vessel_all__xgb__cv,clinical_plus_tumor_size_plus_vessel_all,4,0.5653679653679655,0.5602813852813853,0.00508658008658025
