scan_id,cohort,xy_spacing,z_spacing,xy_out_of_range,z_out_of_range,either_out_of_range
DUKE_001,DUKE,0.8035714030265808,1.100000023841858,False,False,False
DUKE_002,DUKE,0.5859000086784363,1.3000006675720215,True,True,True
DUKE_005,DUKE,0.78125,1.0,False,False,False
DUKE_009,DUKE,0.6640999913215637,1.0999993085861206,False,False,False
DUKE_010,DUKE,0.6640999913215637,1.0,False,False,False
DUKE_012,DUKE,0.7422000169754028,1.2000017166137695,False,False,False
DUKE_019,DUKE,1.0625,1.100000023841858,True,False,True
DUKE_021,DUKE,0.7422000169754028,1.0,False,False,False
DUKE_022,DUKE,0.7366071343421936,1.100000023841858,False,False,False
DUKE_028,DUKE,0.78125,1.0,False,False,False
DUKE_032,DUKE,0.6054999828338623,1.0000005960464478,False,False,False
DUKE_034,DUKE,0.7031000256538391,1.1999986171722412,False,False,False
DUKE_040,DUKE,0.7589285969734192,1.100000023841858,False,False,False
DUKE_041,DUKE,0.6836000084877014,0.9999994039535522,False,False,False
DUKE_043,DUKE,0.6836000084877014,0.9999983906745911,False,False,False
DUKE_044,DUKE,0.7589285969734192,1.100000023841858,False,False,False
DUKE_045,DUKE,0.6640999913215637,1.0,False,False,False
DUKE_046,DUKE,0.8370535969734192,1.0,False,False,False
DUKE_048,DUKE,0.7589285969734192,1.0,False,False,False
DUKE_051,DUKE,0.7422000169754028,1.0000020265579224,False,False,False
DUKE_055,DUKE,0.6445000171661377,1.0,False,False,False
DUKE_057,DUKE,0.8035714030265808,1.5,False,True,True
DUKE_059,DUKE,0.6640999913215637,1.000001072883606,False,False,False
DUKE_060,DUKE,0.6836000084877014,1.0000005960464478,False,False,False
DUKE_061,DUKE,0.6640999913215637,0.9999976754188538,False,True,True
DUKE_064,DUKE,0.6445000171661377,1.0,False,False,False
DUKE_069,DUKE,0.6640999913215637,0.9999984502792358,False,False,False
DUKE_071,DUKE,0.6640999913215637,1.0,False,False,False
DUKE_077,DUKE,0.6836000084877014,1.0,False,False,False
DUKE_082,DUKE,0.7589285969734192,1.100000023841858,False,False,False
DUKE_086,DUKE,0.78125,1.0,False,False,False
DUKE_090,DUKE,0.6836000084877014,0.9999979734420776,False,True,True
DUKE_091,DUKE,0.7589285969734192,1.100000023841858,False,False,False
DUKE_097,DUKE,0.78125,1.0,False,False,False
DUKE_099,DUKE,0.625,1.0000027418136597,False,False,False
DUKE_101,DUKE,0.6919642686843872,1.100000023841858,False,False,False
DUKE_103,DUKE,0.7589285969734192,1.0999999046325684,False,False,False
DUKE_104,DUKE,0.8035714030265808,1.0,False,False,False
DUKE_105,DUKE,0.6445000171661377,1.0,False,False,False
DUKE_107,DUKE,0.7616999745368958,1.0000020265579224,False,False,False
DUKE_114,DUKE,0.7031000256538391,1.0000016689300537,False,False,False
DUKE_115,DUKE,0.6640999913215637,1.0,False,False,False
DUKE_116,DUKE,0.7589285969734192,1.100000023841858,False,False,False
DUKE_117,DUKE,0.6640999913215637,1.0999977588653564,False,False,False
DUKE_119,DUKE,0.7142857313156128,1.100000023841858,False,False,False
DUKE_120,DUKE,0.8035714030265808,2.5,False,True,True
DUKE_123,DUKE,0.6640999913215637,1.0,False,False,False
DUKE_129,DUKE,0.7226999998092651,0.999998927116394,False,False,False
DUKE_132,DUKE,0.7589285969734192,1.399999976158142,False,True,True
DUKE_134,DUKE,0.6836000084877014,1.0,False,False,False
DUKE_136,DUKE,0.5859000086784363,1.0,True,False,True
DUKE_137,DUKE,0.7589285969734192,1.2999999523162842,False,True,True
DUKE_141,DUKE,0.78125,1.0,False,False,False
DUKE_142,DUKE,0.7142857313156128,1.0,False,False,False
DUKE_144,DUKE,0.8035714030265808,1.0999999046325684,False,False,False
DUKE_148,DUKE,0.7031000256538391,1.0,False,False,False
DUKE_150,DUKE,0.6836000084877014,1.0,False,False,False
DUKE_156,DUKE,0.7589285969734192,1.0,False,False,False
DUKE_157,DUKE,0.6696428656578064,1.0,False,False,False
DUKE_160,DUKE,0.625,1.0,False,False,False
DUKE_163,DUKE,0.6640999913215637,1.0,False,False,False
DUKE_167,DUKE,0.7031000256538391,0.9999977350234985,False,True,True
DUKE_168,DUKE,0.78125,1.0,False,False,False
DUKE_176,DUKE,1.1875,1.2000000476837158,True,False,True
DUKE_177,DUKE,0.8035714030265808,1.0,False,False,False
DUKE_178,DUKE,0.6640999913215637,1.0000004768371582,False,False,False
DUKE_180,DUKE,0.78125,1.2999999523162842,False,True,True
DUKE_183,DUKE,0.7589285969734192,1.1999999284744263,False,False,False
DUKE_185,DUKE,0.7031000256538391,1.100000023841858,False,False,False
DUKE_189,DUKE,0.8035714030265808,1.100000023841858,False,False,False
DUKE_192,DUKE,0.8035714030265808,1.0399999618530273,False,False,False
DUKE_198,DUKE,0.7589285969734192,1.0,False,False,False
DUKE_202,DUKE,0.8035714030265808,1.0,False,False,False
DUKE_205,DUKE,0.6640999913215637,1.0,False,False,False
DUKE_211,DUKE,0.7142857313156128,1.100000023841858,False,False,False
DUKE_217,DUKE,0.5468999743461609,1.0,True,False,True
DUKE_218,DUKE,0.7226999998092651,0.9999982714653015,False,True,True
DUKE_225,DUKE,0.625,1.0,False,False,False
DUKE_228,DUKE,0.7031000256538391,1.0999983549118042,False,False,False
DUKE_233,DUKE,0.7031000256538391,0.9999988675117493,False,False,False
DUKE_234,DUKE,0.6640999913215637,1.000001072883606,False,False,False
DUKE_236,DUKE,0.7813000082969666,1.0,False,False,False
DUKE_237,DUKE,1.125,1.0999999046325684,True,False,True
DUKE_239,DUKE,0.6640999913215637,0.9999966025352478,False,True,True
DUKE_240,DUKE,0.6640999913215637,1.1999969482421875,False,False,False
DUKE_244,DUKE,0.5859000086784363,1.0,True,False,True
DUKE_250,DUKE,0.8035714030265808,1.0,False,False,False
DUKE_253,DUKE,0.78125,1.0,False,False,False
DUKE_255,DUKE,0.6640999913215637,1.0,False,False,False
DUKE_256,DUKE,0.7589285969734192,1.0,False,False,False
DUKE_258,DUKE,0.7422000169754028,1.0000016689300537,False,False,False
DUKE_260,DUKE,0.5468999743461609,1.0,True,False,True
DUKE_265,DUKE,0.8482142686843872,1.100000023841858,False,False,False
DUKE_268,DUKE,0.6696428656578064,1.0,False,False,False
DUKE_269,DUKE,0.6836000084877014,0.9999976754188538,False,True,True
DUKE_271,DUKE,1.125,1.100000023841858,True,False,True
DUKE_275,DUKE,0.7589285969734192,1.0,False,False,False
DUKE_282,DUKE,0.7589285969734192,1.0,False,False,False
DUKE_283,DUKE,0.7422000169754028,0.9999971389770508,False,True,True
DUKE_285,DUKE,0.7422000169754028,1.0999994277954102,False,False,False
DUKE_287,DUKE,0.6640999913215637,1.0,False,False,False
DUKE_290,DUKE,0.78125,1.0,False,False,False
DUKE_293,DUKE,0.8035714030265808,1.0,False,False,False
DUKE_298,DUKE,0.8008000254631042,1.1999967098236084,False,False,False
DUKE_301,DUKE,0.6640999913215637,1.0,False,False,False
DUKE_303,DUKE,0.7031000256538391,1.0,False,False,False
DUKE_304,DUKE,1.125,1.100000023841858,True,False,True
DUKE_306,DUKE,0.625,0.9999986290931702,False,False,False
DUKE_307,DUKE,0.8705357313156128,1.100000023841858,False,False,False
DUKE_313,DUKE,0.78125,1.0,False,False,False
DUKE_317,DUKE,0.7031000256538391,1.0,False,False,False
DUKE_321,DUKE,1.25,1.0999999046325684,True,False,True
DUKE_323,DUKE,0.7589285969734192,1.100000023841858,False,False,False
DUKE_328,DUKE,0.7031000256538391,1.0,False,False,False
DUKE_333,DUKE,0.6640999913215637,1.0,False,False,False
DUKE_335,DUKE,1.0,1.0999999046325684,False,False,False
DUKE_338,DUKE,0.6640999913215637,1.0,False,False,False
DUKE_345,DUKE,0.6445000171661377,1.0,False,False,False
DUKE_346,DUKE,0.7813000082969666,1.1000006198883057,False,False,False
DUKE_350,DUKE,0.7031000256538391,1.2000000476837158,False,False,False
DUKE_353,DUKE,0.7589285969734192,1.0,False,False,False
DUKE_356,DUKE,0.7589285969734192,1.100000023841858,False,False,False
DUKE_360,DUKE,0.7422000169754028,1.1999988555908203,False,False,False
DUKE_363,DUKE,1.03125,1.100000023841858,True,False,True
DUKE_368,DUKE,0.78125,1.0,False,False,False
DUKE_377,DUKE,0.7031000256538391,0.9999994039535522,False,False,False
DUKE_378,DUKE,0.6054999828338623,1.0,False,False,False
DUKE_383,DUKE,0.5663999915122986,1.0,True,False,True
DUKE_385,DUKE,0.8928571343421936,1.100000023841858,False,False,False
DUKE_386,DUKE,0.8035714030265808,1.100000023841858,False,False,False
DUKE_387,DUKE,0.6054999828338623,1.1999993324279785,False,False,False
DUKE_395,DUKE,0.6640999913215637,1.0,False,False,False
DUKE_397,DUKE,0.6640999913215637,1.0,False,False,False
DUKE_398,DUKE,0.6696428656578064,1.0,False,False,False
DUKE_399,DUKE,0.6836000084877014,1.0,False,False,False
DUKE_400,DUKE,0.6836000084877014,1.0,False,False,False
DUKE_406,DUKE,0.6836000084877014,1.1000020503997803,False,False,False
DUKE_407,DUKE,0.7031000256538391,1.0000004768371582,False,False,False
DUKE_408,DUKE,0.625,1.0000005960464478,False,False,False
DUKE_412,DUKE,0.7813000082969666,1.200000524520874,False,False,False
DUKE_414,DUKE,0.7422000169754028,1.0,False,False,False
DUKE_420,DUKE,1.25,1.2000000476837158,True,False,True
DUKE_424,DUKE,0.7226999998092651,1.0,False,False,False
DUKE_428,DUKE,0.7142857313156128,1.0,False,False,False
DUKE_429,DUKE,1.125,1.0999999046325684,True,False,True
DUKE_431,DUKE,1.1875,1.2000000476837158,True,False,True
DUKE_435,DUKE,0.7422000169754028,1.0,False,False,False
DUKE_437,DUKE,1.125,1.149999976158142,True,False,True
DUKE_438,DUKE,0.6640999913215637,1.2000012397766113,False,False,False
DUKE_441,DUKE,0.6640999913215637,1.0,False,False,False
DUKE_444,DUKE,0.7031000256538391,1.1999976634979248,False,False,False
DUKE_454,DUKE,0.7142857313156128,1.0,False,False,False
DUKE_457,DUKE,1.1875,1.100000023841858,True,False,True
DUKE_464,DUKE,0.8035714030265808,1.100000023841858,False,False,False
DUKE_465,DUKE,0.7422000169754028,1.0999988317489624,False,False,False
DUKE_468,DUKE,0.5859000086784363,1.499997615814209,True,True,True
DUKE_470,DUKE,0.7226999998092651,1.099998950958252,False,False,False
DUKE_474,DUKE,0.8370535969734192,1.2000000476837158,False,False,False
DUKE_480,DUKE,0.7031000256538391,0.9999994039535522,False,False,False
DUKE_482,DUKE,0.78125,1.0,False,False,False
DUKE_486,DUKE,0.6640999913215637,1.0,False,False,False
DUKE_489,DUKE,0.7589285969734192,1.100000023841858,False,False,False
DUKE_491,DUKE,0.7031000256538391,0.9999988675117493,False,False,False
DUKE_501,DUKE,0.7031000256538391,0.9999971389770508,False,True,True
DUKE_506,DUKE,0.7589285969734192,1.0999999046325684,False,False,False
DUKE_507,DUKE,0.7422000169754028,1.0,False,False,False
DUKE_508,DUKE,0.7031000256538391,1.0000022649765015,False,False,False
DUKE_512,DUKE,0.78125,1.0,False,False,False
DUKE_514,DUKE,0.7031000256538391,1.0,False,False,False
DUKE_517,DUKE,0.6836000084877014,1.0,False,False,False
DUKE_521,DUKE,0.625,0.9999982714653015,False,True,True
DUKE_525,DUKE,0.7422000169754028,0.9999979734420776,False,True,True
DUKE_527,DUKE,0.8035714030265808,1.0,False,False,False
DUKE_530,DUKE,0.6640999913215637,1.0,False,False,False
DUKE_534,DUKE,0.8035714030265808,1.0,False,False,False
DUKE_535,DUKE,0.7813000082969666,1.1999993324279785,False,False,False
DUKE_539,DUKE,0.6640999913215637,0.9999988675117493,False,False,False
DUKE_541,DUKE,0.7142857313156128,1.100000023841858,False,False,False
DUKE_543,DUKE,0.7031000256538391,1.3000024557113647,False,True,True
DUKE_545,DUKE,0.8482142686843872,1.100000023841858,False,False,False
DUKE_546,DUKE,0.78125,1.0,False,False,False
DUKE_552,DUKE,0.5859000086784363,1.600000023841858,True,True,True
DUKE_558,DUKE,0.6640999913215637,1.0,False,False,False
DUKE_559,DUKE,0.7589285969734192,1.100000023841858,False,False,False
DUKE_560,DUKE,0.6836000084877014,1.1999993324279785,False,False,False
DUKE_562,DUKE,0.78125,1.0,False,False,False
DUKE_567,DUKE,0.7813000082969666,0.9999973773956299,False,True,True
DUKE_568,DUKE,0.8035714030265808,1.100000023841858,False,False,False
DUKE_573,DUKE,0.7422000169754028,1.0,False,False,False
DUKE_577,DUKE,0.7589285969734192,1.0,False,False,False
DUKE_585,DUKE,0.5859000086784363,0.9999964833259583,True,True,True
DUKE_590,DUKE,0.6640999913215637,1.0,False,False,False
DUKE_592,DUKE,0.6640999913215637,1.0,False,False,False
DUKE_595,DUKE,0.7589285969734192,1.0,False,False,False
DUKE_597,DUKE,0.6640999913215637,1.0,False,False,False
DUKE_605,DUKE,0.7589285969734192,1.100000023841858,False,False,False
DUKE_607,DUKE,0.8482142686843872,1.0,False,False,False
DUKE_609,DUKE,0.7031000256538391,1.0,False,False,False
DUKE_610,DUKE,0.6836000084877014,1.1999971866607666,False,False,False
DUKE_612,DUKE,0.8705357313156128,1.2999999523162842,False,True,True
DUKE_614,DUKE,1.125,1.0999999046325684,True,False,True
DUKE_615,DUKE,0.7031000256538391,1.100000023841858,False,False,False
DUKE_616,DUKE,0.6640999913215637,1.0000022649765015,False,False,False
DUKE_618,DUKE,0.7422000169754028,1.0,False,False,False
DUKE_623,DUKE,0.7813000082969666,1.0999979972839355,False,False,False
DUKE_633,DUKE,0.7031000256538391,0.9999979734420776,False,True,True
DUKE_636,DUKE,0.6836000084877014,1.0,False,False,False
DUKE_640,DUKE,0.625,1.0,False,False,False
DUKE_641,DUKE,0.78125,1.0,False,False,False
DUKE_642,DUKE,0.6640999913215637,1.0999987125396729,False,False,False
DUKE_645,DUKE,0.78125,1.0,False,False,False
DUKE_650,DUKE,0.7031000256538391,1.0,False,False,False
DUKE_651,DUKE,1.125,1.100000023841858,True,False,True
DUKE_652,DUKE,0.6836000084877014,1.0,False,False,False
DUKE_656,DUKE,0.7142857313156128,1.0,False,False,False
DUKE_660,DUKE,0.7031000256538391,1.1000009775161743,False,False,False
DUKE_662,DUKE,0.78125,1.0,False,False,False
DUKE_663,DUKE,0.6640999913215637,1.0000019073486328,False,False,False
DUKE_666,DUKE,0.7422000169754028,1.1000009775161743,False,False,False
DUKE_670,DUKE,0.5273000001907349,1.0,True,False,True
DUKE_672,DUKE,0.7031000256538391,1.2000000476837158,False,False,False
DUKE_677,DUKE,0.6640999913215637,1.0,False,False,False
DUKE_679,DUKE,0.7142857313156128,1.0,False,False,False
DUKE_681,DUKE,0.625,1.100000023841858,False,False,False
DUKE_684,DUKE,0.6640999913215637,1.0,False,False,False
DUKE_685,DUKE,0.5859000086784363,1.0,True,False,True
DUKE_686,DUKE,0.7031000256538391,1.0,False,False,False
DUKE_687,DUKE,0.7031000256538391,1.099996566772461,False,False,False
DUKE_688,DUKE,0.7813000082969666,1.2000017166137695,False,False,False
DUKE_691,DUKE,0.6640999913215637,1.0,False,False,False
DUKE_693,DUKE,0.7589285969734192,1.0,False,False,False
DUKE_694,DUKE,0.7031000256538391,1.0000022649765015,False,False,False
DUKE_697,DUKE,0.8258928656578064,1.0,False,False,False
DUKE_710,DUKE,0.7589285969734192,1.100000023841858,False,False,False
DUKE_717,DUKE,0.8928571343421936,1.1200000047683716,False,False,False
DUKE_718,DUKE,0.8035714030265808,1.2999999523162842,False,True,True
DUKE_723,DUKE,0.6640999913215637,1.0000027418136597,False,False,False
DUKE_724,DUKE,0.8705357313156128,1.0,False,False,False
DUKE_725,DUKE,0.7589285969734192,1.0,False,False,False
DUKE_735,DUKE,0.625,1.599998950958252,False,True,True
DUKE_746,DUKE,0.6836000084877014,1.0,False,False,False
DUKE_751,DUKE,0.6640999913215637,1.2999980449676514,False,True,True
DUKE_754,DUKE,0.78125,1.100000023841858,False,False,False
DUKE_757,DUKE,0.6640999913215637,1.0,False,False,False
DUKE_758,DUKE,0.7422000169754028,1.1999993324279785,False,False,False
DUKE_762,DUKE,0.625,0.999998927116394,False,False,False
DUKE_765,DUKE,0.6640999913215637,1.0,False,False,False
DUKE_774,DUKE,0.625,1.1000010967254639,False,False,False
DUKE_775,DUKE,0.6836000084877014,1.0999994277954102,False,False,False
DUKE_776,DUKE,0.8928571343421936,1.0,False,False,False
DUKE_778,DUKE,0.9821428656578064,1.0,False,False,False
DUKE_780,DUKE,0.78125,1.0,False,False,False
DUKE_789,DUKE,0.7616999745368958,1.0000005960464478,False,False,False
DUKE_790,DUKE,0.6640999913215637,1.0,False,False,False
DUKE_792,DUKE,0.7422000169754028,1.0000004768371582,False,False,False
DUKE_797,DUKE,1.125,1.100000023841858,True,False,True
DUKE_799,DUKE,0.7142857313156128,1.0,False,False,False
DUKE_804,DUKE,0.6836000084877014,1.0,False,False,False
DUKE_805,DUKE,1.0,1.0999999046325684,False,False,False
DUKE_809,DUKE,0.7031000256538391,1.000001311302185,False,False,False
DUKE_812,DUKE,0.6836000084877014,1.0,False,False,False
DUKE_816,DUKE,0.6836000084877014,1.099997878074646,False,False,False
DUKE_817,DUKE,0.625,1.3000012636184692,False,True,True
DUKE_822,DUKE,0.7031000256538391,0.9999988675117493,False,False,False
DUKE_830,DUKE,0.7589285969734192,1.0,False,False,False
DUKE_831,DUKE,0.7031000256538391,1.1000006198883057,False,False,False
DUKE_832,DUKE,0.5859000086784363,1.1999993324279785,True,False,True
DUKE_833,DUKE,0.6640999913215637,0.9999988079071045,False,False,False
DUKE_834,DUKE,0.7031000256538391,1.0,False,False,False
DUKE_836,DUKE,0.5663999915122986,1.0,True,False,True
DUKE_839,DUKE,0.6640999913215637,1.0,False,False,False
DUKE_847,DUKE,0.7366071343421936,1.100000023841858,False,False,False
DUKE_850,DUKE,0.7142857313156128,1.0,False,False,False
DUKE_860,DUKE,0.6836000084877014,0.9999994039535522,False,False,False
DUKE_865,DUKE,0.6054999828338623,0.9999967813491821,False,True,True
DUKE_869,DUKE,0.5859000086784363,1.0000017881393433,True,False,True
DUKE_873,DUKE,0.7813000082969666,1.1999988555908203,False,False,False
DUKE_874,DUKE,0.7813000082969666,1.099997639656067,False,False,False
DUKE_879,DUKE,0.7226999998092651,0.9999978542327881,False,True,True
DUKE_882,DUKE,0.6836000084877014,1.0,False,False,False
DUKE_883,DUKE,0.8035714030265808,1.100000023841858,False,False,False
DUKE_884,DUKE,0.7031000256538391,1.2000000476837158,False,False,False
DUKE_885,DUKE,0.6640999913215637,1.0,False,False,False
DUKE_886,DUKE,0.78125,1.0,False,False,False
DUKE_891,DUKE,0.7031000256538391,1.0,False,False,False
DUKE_899,DUKE,0.5663999915122986,1.0,True,False,True
DUKE_907,DUKE,0.7589285969734192,1.100000023841858,False,False,False
DUKE_914,DUKE,0.6640999913215637,1.0,False,False,False
DUKE_915,DUKE,0.6836000084877014,1.0,False,False,False
DUKE_916,DUKE,0.6640999913215637,1.2999999523162842,False,True,True
DUKE_917,DUKE,0.7031000256538391,1.0999959707260132,False,False,False
ISPY1_1001,ISPY1,0.78125,2.0,False,True,True
ISPY1_1002,ISPY1,0.78125,2.0,False,True,True
ISPY1_1003,ISPY1,0.78125,2.0,False,True,True
ISPY1_1004,ISPY1,0.703125,1.5,False,True,True
ISPY1_1005,ISPY1,0.703125,1.8000000715255737,False,True,True
ISPY1_1007,ISPY1,0.703125,2.2499992847442627,False,True,True
ISPY1_1008,ISPY1,0.78125,2.0,False,True,True
ISPY1_1009,ISPY1,0.78125,2.0,False,True,True
ISPY1_1010,ISPY1,0.859375,2.0,False,True,True
ISPY1_1011,ISPY1,0.8203120231628418,2.0,False,True,True
ISPY1_1012,ISPY1,0.859375,2.0999999046325684,False,True,True
ISPY1_1013,ISPY1,0.78125,2.0,False,True,True
ISPY1_1015,ISPY1,0.78125,2.0,False,True,True
ISPY1_1016,ISPY1,0.703125,1.5,False,True,True
ISPY1_1017,ISPY1,0.78125,2.0,False,True,True
ISPY1_1021,ISPY1,0.78125,2.0,False,True,True
ISPY1_1025,ISPY1,0.78125,2.299999952316284,False,True,True
ISPY1_1027,ISPY1,0.703125,2.5,False,True,True
ISPY1_1029,ISPY1,0.78125,2.299999952316284,False,True,True
ISPY1_1030,ISPY1,0.78125,2.0,False,True,True
ISPY1_1031,ISPY1,0.78125,2.0,False,True,True
ISPY1_1032,ISPY1,0.78125,2.0,False,True,True
ISPY1_1034,ISPY1,0.703125,1.5,False,True,True
ISPY1_1035,ISPY1,0.78125,2.0000033378601074,False,True,True
ISPY1_1036,ISPY1,0.78125,2.5,False,True,True
ISPY1_1037,ISPY1,0.859375,2.5,False,True,True
ISPY1_1038,ISPY1,0.859375,2.5,False,True,True
ISPY1_1040,ISPY1,0.6249998807907104,2.0312461853027344,False,True,True
ISPY1_1041,ISPY1,0.78125,2.299999952316284,False,True,True
ISPY1_1042,ISPY1,0.703125,2.0,False,True,True
ISPY1_1049,ISPY1,0.7031270265579224,2.4999966621398926,False,True,True
ISPY1_1051,ISPY1,0.78125,1.9999998807907104,False,True,True
ISPY1_1053,ISPY1,0.78125,2.0625,False,True,True
ISPY1_1054,ISPY1,0.703125,2.499998092651367,False,True,True
ISPY1_1056,ISPY1,0.78125,2.200000047683716,False,True,True
ISPY1_1058,ISPY1,0.7031260132789612,2.500002384185791,False,True,True
ISPY1_1060,ISPY1,0.7031248807907104,1.4999985694885254,False,True,True
ISPY1_1061,ISPY1,0.8203120231628418,2.0,False,True,True
ISPY1_1062,ISPY1,0.78125,2.0,False,True,True
ISPY1_1064,ISPY1,0.78125,2.200000047683716,False,True,True
ISPY1_1065,ISPY1,0.703125,1.500001311302185,False,True,True
ISPY1_1066,ISPY1,0.7031260132789612,2.5000054836273193,False,True,True
ISPY1_1067,ISPY1,0.7031270265579224,2.5,False,True,True
ISPY1_1069,ISPY1,0.78125,2.0,False,True,True
ISPY1_1070,ISPY1,0.78125,2.0,False,True,True
ISPY1_1072,ISPY1,0.78125,2.0625,False,True,True
ISPY1_1073,ISPY1,0.7031229734420776,2.4999964237213135,False,True,True
ISPY1_1074,ISPY1,0.703125,2.0,False,True,True
ISPY1_1075,ISPY1,0.8203120231628418,2.0,False,True,True
ISPY1_1077,ISPY1,0.859375,2.200000047683716,False,True,True
ISPY1_1078,ISPY1,0.8203120231628418,2.0999999046325684,False,True,True
ISPY1_1082,ISPY1,0.78125,2.0625007152557373,False,True,True
ISPY1_1083,ISPY1,0.703125,2.5000054836273193,False,True,True
ISPY1_1084,ISPY1,0.78125,3.000004529953003,False,True,True
ISPY1_1087,ISPY1,0.703125,2.499998092651367,False,True,True
ISPY1_1088,ISPY1,0.78125,2.0,False,True,True
ISPY1_1089,ISPY1,0.78125,1.999991536140442,False,True,True
ISPY1_1090,ISPY1,0.78125,2.0624992847442627,False,True,True
ISPY1_1094,ISPY1,0.78125,2.0,False,True,True
ISPY1_1096,ISPY1,0.703125,1.5000001192092896,False,True,True
ISPY1_1097,ISPY1,0.78125,2.299999952316284,False,True,True
ISPY1_1098,ISPY1,0.7812502980232239,1.9999966621398926,False,True,True
ISPY1_1099,ISPY1,0.78125,2.000000238418579,False,True,True
ISPY1_1100,ISPY1,0.78125,2.0,False,True,True
ISPY1_1101,ISPY1,0.78125,2.0999999046325684,False,True,True
ISPY1_1102,ISPY1,0.78125,2.5000054836273193,False,True,True
ISPY1_1103,ISPY1,0.3906249701976776,3.0000007152557373,True,True,True
ISPY1_1104,ISPY1,0.859375,1.9999927282333374,False,True,True
ISPY1_1106,ISPY1,0.7812501192092896,2.0,False,True,True
ISPY1_1107,ISPY1,0.703125,2.4999947547912598,False,True,True
ISPY1_1112,ISPY1,0.7031270265579224,2.5000054836273193,False,True,True
ISPY1_1114,ISPY1,0.390625,3.0000007152557373,True,True,True
ISPY1_1117,ISPY1,0.859375,2.5999999046325684,False,True,True
ISPY1_1122,ISPY1,0.7031270265579224,2.499995470046997,False,True,True
ISPY1_1123,ISPY1,0.703125,2.499992609024048,False,True,True
ISPY1_1124,ISPY1,0.78125,2.000002861022949,False,True,True
ISPY1_1125,ISPY1,0.78125,2.000004768371582,False,True,True
ISPY1_1127,ISPY1,0.78125,2.0,False,True,True
ISPY1_1128,ISPY1,0.78125,2.0,False,True,True
ISPY1_1129,ISPY1,0.78125,2.0000030994415283,False,True,True
ISPY1_1130,ISPY1,0.7031260132789612,2.4999964237213135,False,True,True
ISPY1_1132,ISPY1,0.859375,2.200000047683716,False,True,True
ISPY1_1134,ISPY1,0.78125,1.9999998807907104,False,True,True
ISPY1_1135,ISPY1,0.78125,2.0,False,True,True
ISPY1_1136,ISPY1,0.703125,2.4999945163726807,False,True,True
ISPY1_1137,ISPY1,0.859375,2.0,False,True,True
ISPY1_1139,ISPY1,0.78125,2.5,False,True,True
ISPY1_1140,ISPY1,0.859375,2.5999999046325684,False,True,True
ISPY1_1141,ISPY1,0.78125,3.0000085830688477,False,True,True
ISPY1_1142,ISPY1,0.703125,2.4999918937683105,False,True,True
ISPY1_1144,ISPY1,0.78125,2.500004291534424,False,True,True
ISPY1_1145,ISPY1,0.78125,2.5000014305114746,False,True,True
ISPY1_1146,ISPY1,0.703125,2.500006675720215,False,True,True
ISPY1_1147,ISPY1,0.78125,2.0,False,True,True
ISPY1_1148,ISPY1,0.703125,2.0,False,True,True
ISPY1_1149,ISPY1,0.703125,2.0,False,True,True
ISPY1_1150,ISPY1,0.78125,2.0,False,True,True
ISPY1_1151,ISPY1,0.78125,2.299999952316284,False,True,True
ISPY1_1152,ISPY1,0.9375,2.5999999046325684,False,True,True
ISPY1_1155,ISPY1,0.703125,2.0,False,True,True
ISPY1_1156,ISPY1,0.390625,2.9999990463256836,True,True,True
ISPY1_1157,ISPY1,0.9765620231628418,2.799999952316284,False,True,True
ISPY1_1158,ISPY1,1.09375,2.700000047683716,True,True,True
ISPY1_1159,ISPY1,0.703125,2.0,False,True,True
ISPY1_1160,ISPY1,0.859375,1.5,False,True,True
ISPY1_1161,ISPY1,0.703125,2.5000033378601074,False,True,True
ISPY1_1163,ISPY1,0.703125,2.5000081062316895,False,True,True
ISPY1_1164,ISPY1,0.78125,2.0,False,True,True
ISPY1_1165,ISPY1,0.78125,1.9999947547912598,False,True,True
ISPY1_1166,ISPY1,0.859375,1.4999980926513672,False,True,True
ISPY1_1167,ISPY1,0.78125,1.5,False,True,True
ISPY1_1168,ISPY1,0.9765620231628418,2.299999952316284,False,True,True
ISPY1_1169,ISPY1,0.390625,3.000000476837158,True,True,True
ISPY1_1171,ISPY1,0.9375,2.299999952316284,False,True,True
ISPY1_1172,ISPY1,0.703125,2.5,False,True,True
ISPY1_1173,ISPY1,0.78125,1.999991536140442,False,True,True
ISPY1_1174,ISPY1,0.703125,2.5,False,True,True
ISPY1_1175,ISPY1,0.78125,2.0,False,True,True
ISPY1_1176,ISPY1,0.703125,2.5,False,True,True
ISPY1_1177,ISPY1,0.859375,2.0,False,True,True
ISPY1_1179,ISPY1,0.390625,3.0000011920928955,True,True,True
ISPY1_1180,ISPY1,0.78125,3.000002384185791,False,True,True
ISPY1_1181,ISPY1,0.703125,2.0,False,True,True
ISPY1_1182,ISPY1,0.9375,1.5,False,True,True
ISPY1_1183,ISPY1,0.390625,3.000000238418579,True,True,True
ISPY1_1184,ISPY1,0.78125,2.0000104904174805,False,True,True
ISPY1_1185,ISPY1,0.8984379768371582,2.200000047683716,False,True,True
ISPY1_1187,ISPY1,0.703125,3.0,False,True,True
ISPY1_1188,ISPY1,0.78125,2.499999761581421,False,True,True
ISPY1_1189,ISPY1,0.9375,2.299999952316284,False,True,True
ISPY1_1191,ISPY1,0.703125,2.500000238418579,False,True,True
ISPY1_1192,ISPY1,0.703125,2.5,False,True,True
ISPY1_1193,ISPY1,0.78125,2.0,False,True,True
ISPY1_1194,ISPY1,0.703125,2.5,False,True,True
ISPY1_1196,ISPY1,0.78125,2.5,False,True,True
ISPY1_1197,ISPY1,0.9375,2.5000052452087402,False,True,True
ISPY1_1198,ISPY1,0.703125,2.50000262260437,False,True,True
ISPY1_1199,ISPY1,0.703125,2.0,False,True,True
ISPY1_1201,ISPY1,0.390625,2.9999988079071045,True,True,True
ISPY1_1202,ISPY1,0.390625,3.0000011920928955,True,True,True
ISPY1_1203,ISPY1,0.703125,2.0,False,True,True
ISPY1_1204,ISPY1,1.0546900033950806,2.799999952316284,True,True,True
ISPY1_1207,ISPY1,1.09375,2.5,True,True,True
ISPY1_1208,ISPY1,0.78125,2.0,False,True,True
ISPY1_1209,ISPY1,0.703125,2.5,False,True,True
ISPY1_1210,ISPY1,0.703125,1.9999998807907104,False,True,True
ISPY1_1212,ISPY1,0.78125,2.0000011920928955,False,True,True
ISPY1_1215,ISPY1,0.78125,1.9999992847442627,False,True,True
ISPY1_1216,ISPY1,1.1718800067901611,2.4000000953674316,True,True,True
ISPY1_1217,ISPY1,0.703125,2.5000030994415283,False,True,True
ISPY1_1218,ISPY1,0.390625,3.409090995788574,True,True,True
ISPY1_1219,ISPY1,0.78125,2.0,False,True,True
ISPY1_1220,ISPY1,1.0546900033950806,2.799999952316284,True,True,True
ISPY1_1221,ISPY1,0.703125,2.299999952316284,False,True,True
ISPY1_1222,ISPY1,0.8984379768371582,2.0,False,True,True
ISPY1_1223,ISPY1,0.9375,2.0,False,True,True
ISPY1_1224,ISPY1,0.390625,2.9999990463256836,True,True,True
ISPY1_1225,ISPY1,0.703125,2.0,False,True,True
ISPY1_1226,ISPY1,1.0546900033950806,2.0,True,True,True
ISPY1_1227,ISPY1,0.9375,2.299999952316284,False,True,True
ISPY1_1228,ISPY1,0.859375,1.5,False,True,True
ISPY1_1229,ISPY1,0.9375,2.200000047683716,False,True,True
ISPY1_1230,ISPY1,0.390625,2.5925915241241455,True,True,True
ISPY1_1231,ISPY1,0.9375,2.200000047683716,False,True,True
ISPY1_1233,ISPY1,0.390625,3.000000238418579,True,True,True
ISPY1_1234,ISPY1,0.703125,2.5,False,True,True
ISPY1_1235,ISPY1,0.390625,3.0000011920928955,True,True,True
ISPY1_1236,ISPY1,0.390625,2.9999990463256836,True,True,True
ISPY1_1237,ISPY1,0.390625,3.000000476837158,True,True,True
ISPY1_1238,ISPY1,0.78125,2.0,False,True,True
ISPY1_1239,ISPY1,0.9765620231628418,2.200000047683716,False,True,True
ISPY2_100899,ISPY2,0.6640999913215637,2.0,False,True,True
ISPY2_102011,ISPY2,0.7031000256538391,2.200000047683716,False,True,True
ISPY2_102212,ISPY2,0.6054999828338623,2.0,False,True,True
ISPY2_103693,ISPY2,0.5663999915122986,2.0,True,True,True
ISPY2_103939,ISPY2,0.5859000086784363,2.5,True,True,True
ISPY2_104268,ISPY2,0.703125,2.0,False,True,True
ISPY2_104384,ISPY2,0.625,2.0,False,True,True
ISPY2_105286,ISPY2,0.9895833134651184,1.100000023841858,False,False,False
ISPY2_105513,ISPY2,0.8854166865348816,1.0,False,False,False
ISPY2_107700,ISPY2,0.6640999913215637,2.0,False,True,True
ISPY2_108939,ISPY2,0.78125,1.0,False,False,False
ISPY2_108969,ISPY2,0.703125,2.0,False,True,True
ISPY2_109623,ISPY2,0.5663999915122986,2.0,True,True,True
ISPY2_109874,ISPY2,0.5468999743461609,2.0,True,True,True
ISPY2_109980,ISPY2,0.7813000082969666,2.0,False,True,True
ISPY2_111004,ISPY2,0.7031000256538391,2.200000047683716,False,True,True
ISPY2_111038,ISPY2,0.8796296119689941,2.5,False,True,True
ISPY2_111344,ISPY2,0.703125,1.0,False,False,False
ISPY2_111646,ISPY2,0.6445000171661377,2.0,False,True,True
ISPY2_111674,ISPY2,0.9375,2.5,False,True,True
ISPY2_111881,ISPY2,0.6640999913215637,1.2000000476837158,False,False,False
ISPY2_112606,ISPY2,0.859375,1.2999999523162842,False,True,True
ISPY2_114087,ISPY2,0.6445000171661377,2.5,False,True,True
ISPY2_115638,ISPY2,0.8333333134651184,1.100000023841858,False,False,False
ISPY2_115987,ISPY2,0.7031000256538391,2.200000047683716,False,True,True
ISPY2_116165,ISPY2,0.7031000256538391,2.200000047683716,False,True,True
ISPY2_116603,ISPY2,0.7226999998092651,2.200000047683716,False,True,True
ISPY2_117424,ISPY2,0.6640999913215637,1.2000000476837158,False,False,False
ISPY2_117707,ISPY2,0.7421875,2.0,False,True,True
ISPY2_118307,ISPY2,0.7031000256538391,2.200000047683716,False,True,True
ISPY2_119928,ISPY2,0.8072916865348816,1.100000023841858,False,False,False
ISPY2_120422,ISPY2,0.9114583134651184,1.0,False,False,False
ISPY2_122287,ISPY2,0.6009615659713745,1.0,False,False,False
ISPY2_122579,ISPY2,0.7031000256538391,1.2000000476837158,False,False,False
ISPY2_122795,ISPY2,0.5663999915122986,2.0,True,True,True
ISPY2_123660,ISPY2,0.9114583134651184,1.0,False,False,False
ISPY2_125130,ISPY2,0.6445000171661377,2.0,False,True,True
ISPY2_125418,ISPY2,0.5859375,1.2999999523162842,True,True,True
ISPY2_127675,ISPY2,0.7422000169754028,1.2000000476837158,False,False,False
ISPY2_127791,ISPY2,0.6052631735801697,1.0,False,False,False
ISPY2_128051,ISPY2,0.64453125,1.0,False,False,False
ISPY2_128675,ISPY2,0.7031000256538391,2.200000047683716,False,True,True
ISPY2_129837,ISPY2,0.7422000169754028,1.2000021934509277,False,False,False
ISPY2_129973,ISPY2,0.8333333134651184,2.5,False,True,True
ISPY2_130580,ISPY2,0.625,1.2000000476837158,False,False,False
ISPY2_130892,ISPY2,0.5663999915122986,2.5999999046325684,True,True,True
ISPY2_131595,ISPY2,0.7031000256538391,2.200000047683716,False,True,True
ISPY2_131961,ISPY2,0.6640999913215637,1.2000000476837158,False,False,False
ISPY2_132463,ISPY2,0.6836000084877014,1.2000000476837158,False,False,False
ISPY2_133650,ISPY2,0.5859000086784363,2.0,True,True,True
ISPY2_134526,ISPY2,0.6836000084877014,1.2000000476837158,False,False,False
ISPY2_136536,ISPY2,0.8999999761581421,2.5,False,True,True
ISPY2_138027,ISPY2,0.5859000086784363,2.0,True,True,True
ISPY2_138425,ISPY2,0.8653846383094788,2.5,False,True,True
ISPY2_139137,ISPY2,0.625,0.7999969720840454,False,True,True
ISPY2_139771,ISPY2,0.5468999743461609,2.4000000953674316,True,True,True
ISPY2_139973,ISPY2,0.625,2.5,False,True,True
ISPY2_141782,ISPY2,1.171875,0.8999999761581421,True,True,True
ISPY2_142688,ISPY2,0.5468999743461609,1.7999999523162842,True,True,True
ISPY2_144302,ISPY2,0.5859375,1.2000000476837158,True,False,True
ISPY2_145513,ISPY2,0.78125,1.0,False,False,False
ISPY2_145777,ISPY2,0.5859375,1.2000000476837158,True,False,True
ISPY2_146033,ISPY2,0.6640999913215637,2.0,False,True,True
ISPY2_146987,ISPY2,0.6836000084877014,2.0,False,True,True
ISPY2_147139,ISPY2,0.7031000256538391,1.2000000476837158,False,False,False
ISPY2_148357,ISPY2,0.7031000256538391,2.200000047683716,False,True,True
ISPY2_149654,ISPY2,0.5663999915122986,2.0,True,True,True
ISPY2_150547,ISPY2,0.6445000171661377,2.0,False,True,True
ISPY2_151230,ISPY2,0.703125,2.0,False,True,True
ISPY2_151481,ISPY2,0.78125,1.0,False,False,False
ISPY2_151980,ISPY2,0.9895833134651184,1.0,False,False,False
ISPY2_152090,ISPY2,0.5859000086784363,2.0,True,True,True
ISPY2_152197,ISPY2,0.625,2.0,False,True,True
ISPY2_153327,ISPY2,0.6445000171661377,2.0,False,True,True
ISPY2_153880,ISPY2,0.6836000084877014,2.0,False,True,True
ISPY2_154293,ISPY2,0.5077999830245972,2.0,True,True,True
ISPY2_155171,ISPY2,0.7031000256538391,1.2000000476837158,False,False,False
ISPY2_156163,ISPY2,0.6640999913215637,2.0,False,True,True
ISPY2_157270,ISPY2,0.7291666865348816,1.0,False,False,False
ISPY2_157463,ISPY2,0.6445000171661377,2.0,False,True,True
ISPY2_159284,ISPY2,0.6054999828338623,2.5,False,True,True
ISPY2_159352,ISPY2,1.171875,1.2000000476837158,True,False,True
ISPY2_160120,ISPY2,0.703125,2.0,False,True,True
ISPY2_162562,ISPY2,0.6640999913215637,2.0,False,True,True
ISPY2_164468,ISPY2,0.7031000256538391,2.200000047683716,False,True,True
ISPY2_165925,ISPY2,0.7031000256538391,2.200000047683716,False,True,True
ISPY2_166412,ISPY2,0.625,1.2000000476837158,False,False,False
ISPY2_166782,ISPY2,0.8999999761581421,2.5,False,True,True
ISPY2_167271,ISPY2,0.7031000256538391,2.200000047683716,False,True,True
ISPY2_168044,ISPY2,0.625,2.5,False,True,True
ISPY2_169536,ISPY2,0.8854166865348816,2.5,False,True,True
ISPY2_169918,ISPY2,0.64453125,1.0,False,False,False
ISPY2_172168,ISPY2,0.78125,1.0,False,False,False
ISPY2_172283,ISPY2,0.9375,2.5,False,True,True
ISPY2_172366,ISPY2,0.625,2.5,False,True,True
ISPY2_174903,ISPY2,0.5468999743461609,2.0,True,True,True
ISPY2_174904,ISPY2,0.78125,1.0,False,False,False
ISPY2_177795,ISPY2,0.5663999915122986,2.4000000953674316,True,True,True
ISPY2_178649,ISPY2,0.8999999761581421,2.5,False,True,True
ISPY2_178815,ISPY2,0.5859000086784363,2.0,True,True,True
ISPY2_179369,ISPY2,0.6640999913215637,2.0,False,True,True
ISPY2_179568,ISPY2,0.6836000084877014,2.0,False,True,True
ISPY2_180027,ISPY2,0.6640999913215637,1.2000000476837158,False,False,False
ISPY2_180663,ISPY2,0.859375,1.100000023841858,False,False,False
ISPY2_181442,ISPY2,0.6640999913215637,1.2000000476837158,False,False,False
ISPY2_181819,ISPY2,0.6640999913215637,2.200000047683716,False,True,True
ISPY2_182346,ISPY2,0.8072916865348816,1.2000000476837158,False,False,False
ISPY2_183831,ISPY2,0.6445000171661377,1.2000038623809814,False,False,False
ISPY2_188091,ISPY2,0.703125,2.0,False,True,True
ISPY2_188511,ISPY2,1.328125,1.100000023841858,True,False,True
ISPY2_188700,ISPY2,0.6701030731201172,1.0,False,False,False
ISPY2_190224,ISPY2,0.7031000256538391,1.2000000476837158,False,False,False
ISPY2_192548,ISPY2,0.6054999828338623,2.0,False,True,True
ISPY2_194024,ISPY2,0.5663999915122986,2.0,True,True,True
ISPY2_196024,ISPY2,0.7031000256538391,2.200000047683716,False,True,True
ISPY2_196064,ISPY2,0.7031000256538391,2.200000047683716,False,True,True
ISPY2_197942,ISPY2,0.9375,2.5,False,True,True
ISPY2_198891,ISPY2,0.5859000086784363,2.4000000953674316,True,True,True
ISPY2_199115,ISPY2,0.6640999913215637,2.0,False,True,True
ISPY2_199960,ISPY2,0.859375,1.2000000476837158,False,False,False
ISPY2_200222,ISPY2,0.7813000082969666,1.2000000476837158,False,False,False
ISPY2_201831,ISPY2,0.7226999998092651,1.2000000476837158,False,False,False
ISPY2_201873,ISPY2,0.7031000256538391,1.2000000476837158,False,False,False
ISPY2_202535,ISPY2,0.625,1.0,False,False,False
ISPY2_202539,ISPY2,0.625,1.2000000476837158,False,False,False
ISPY2_202956,ISPY2,0.6054999828338623,2.4000000953674316,False,True,True
ISPY2_203060,ISPY2,0.6640999913215637,1.2000000476837158,False,False,False
ISPY2_203254,ISPY2,0.6640999913215637,1.2000000476837158,False,False,False
ISPY2_204939,ISPY2,0.7932692170143127,2.5,False,True,True
ISPY2_208265,ISPY2,0.7291666865348816,1.0,False,False,False
ISPY2_208303,ISPY2,0.7031000256538391,2.200000047683716,False,True,True
ISPY2_208650,ISPY2,0.7031000256538391,1.2000000476837158,False,False,False
ISPY2_209397,ISPY2,0.7031000256538391,1.2000000476837158,False,False,False
ISPY2_209967,ISPY2,0.6054999828338623,2.0,False,True,True
ISPY2_211408,ISPY2,0.6640999913215637,1.2000000476837158,False,False,False
ISPY2_212307,ISPY2,0.9375,1.0,False,False,False
ISPY2_213328,ISPY2,0.6054999828338623,2.0,False,True,True
ISPY2_213672,ISPY2,0.5882353186607361,1.0,True,False,True
ISPY2_213913,ISPY2,0.6640999913215637,1.2000000476837158,False,False,False
ISPY2_215932,ISPY2,0.625,1.2000000476837158,False,False,False
ISPY2_218249,ISPY2,0.64453125,1.0,False,False,False
ISPY2_218503,ISPY2,0.7031000256538391,2.200000047683716,False,True,True
ISPY2_219545,ISPY2,0.7031000256538391,2.0,False,True,True
ISPY2_220471,ISPY2,0.8333333134651184,1.0,False,False,False
ISPY2_220664,ISPY2,0.625,2.4000000953674316,False,True,True
ISPY2_220925,ISPY2,0.6640999913215637,2.0,False,True,True
ISPY2_221375,ISPY2,0.6054999828338623,2.5,False,True,True
ISPY2_221686,ISPY2,0.625,2.0,False,True,True
ISPY2_222135,ISPY2,0.5652173757553101,1.2000000476837158,True,False,True
ISPY2_223030,ISPY2,0.8653846383094788,2.5,False,True,True
ISPY2_223526,ISPY2,0.6640999913215637,2.0,False,True,True
ISPY2_225836,ISPY2,0.6054999828338623,2.0,False,True,True
ISPY2_227055,ISPY2,0.5859000086784363,2.0,True,True,True
ISPY2_227832,ISPY2,0.7031000256538391,1.2000000476837158,False,False,False
ISPY2_227881,ISPY2,0.6640999913215637,2.4000000953674316,False,True,True
ISPY2_228192,ISPY2,0.703125,1.0,False,False,False
ISPY2_228340,ISPY2,0.6054999828338623,2.0,False,True,True
ISPY2_229144,ISPY2,0.9375,2.5,False,True,True
ISPY2_229328,ISPY2,0.7031000256538391,2.0,False,True,True
ISPY2_229824,ISPY2,0.8333333134651184,1.0,False,False,False
ISPY2_231633,ISPY2,0.6445000171661377,2.0,False,True,True
ISPY2_233191,ISPY2,0.6445000171661377,2.0,False,True,True
ISPY2_233832,ISPY2,0.703125,2.0,False,True,True
ISPY2_233962,ISPY2,0.9375,2.5,False,True,True
ISPY2_234272,ISPY2,0.6836000084877014,2.0,False,True,True
ISPY2_234723,ISPY2,0.6640625,1.0,False,False,False
ISPY2_235995,ISPY2,0.5859000086784363,2.0,True,True,True
ISPY2_236470,ISPY2,0.9895833134651184,1.100000023841858,False,False,False
ISPY2_237158,ISPY2,0.5859375,1.0,True,False,True
ISPY2_238790,ISPY2,0.703125,2.0,False,True,True
ISPY2_239061,ISPY2,0.625,0.8000010251998901,False,True,True
ISPY2_239910,ISPY2,0.7031000256538391,1.2000000476837158,False,False,False
ISPY2_240035,ISPY2,0.6445000171661377,2.0,False,True,True
ISPY2_240432,ISPY2,0.7031000256538391,2.200000047683716,False,True,True
ISPY2_240957,ISPY2,0.6640999913215637,2.0,False,True,True
ISPY2_241705,ISPY2,0.6445000171661377,2.4000000953674316,False,True,True
ISPY2_241998,ISPY2,0.703125,2.0,False,True,True
ISPY2_242370,ISPY2,0.7031000256538391,2.200000047683716,False,True,True
ISPY2_243836,ISPY2,0.5077999830245972,2.4000000953674316,True,True,True
ISPY2_245655,ISPY2,0.9375,1.2000000476837158,False,False,False
ISPY2_246134,ISPY2,0.5625,1.0,True,False,True
ISPY2_247641,ISPY2,0.6640999913215637,2.4000000953674316,False,True,True
ISPY2_248255,ISPY2,0.6836000084877014,1.2000000476837158,False,False,False
ISPY2_250274,ISPY2,0.5663999915122986,2.4000000953674316,True,True,True
ISPY2_252748,ISPY2,0.8854166865348816,1.0,False,False,False
ISPY2_253531,ISPY2,0.7291666865348816,1.0,False,False,False
ISPY2_254060,ISPY2,0.8999999761581421,2.5,False,True,True
ISPY2_254273,ISPY2,0.9895833134651184,1.2000000476837158,False,False,False
ISPY2_255078,ISPY2,1.1197916269302368,1.2000000476837158,True,False,True
ISPY2_255388,ISPY2,0.78125,1.0,False,False,False
ISPY2_255535,ISPY2,0.6640999913215637,2.4000000953674316,False,True,True
ISPY2_255577,ISPY2,0.5663999915122986,2.0,True,True,True
ISPY2_257735,ISPY2,0.625,2.5,False,True,True
ISPY2_259206,ISPY2,0.7031000256538391,2.4000000953674316,False,True,True
ISPY2_259899,ISPY2,0.703125,1.0,False,False,False
ISPY2_261304,ISPY2,0.5663999915122986,2.0,True,True,True
ISPY2_262131,ISPY2,0.7031000256538391,1.2000000476837158,False,False,False
ISPY2_263143,ISPY2,0.7031000256538391,2.200000047683716,False,True,True
ISPY2_264305,ISPY2,0.64453125,1.0,False,False,False
ISPY2_264678,ISPY2,0.7031000256538391,1.2000000476837158,False,False,False
ISPY2_266509,ISPY2,0.7813000082969666,2.200000047683716,False,True,True
ISPY2_266840,ISPY2,0.6054999828338623,2.0,False,True,True
ISPY2_267306,ISPY2,0.625,0.8000010251998901,False,True,True
ISPY2_268937,ISPY2,0.64453125,1.0,False,False,False
ISPY2_269899,ISPY2,0.8202999830245972,1.2000000476837158,False,False,False
ISPY2_273691,ISPY2,0.6640999913215637,2.0,False,True,True
ISPY2_273745,ISPY2,0.625,0.8000010251998901,False,True,True
ISPY2_275034,ISPY2,0.3125,1.100000023841858,True,False,True
ISPY2_275626,ISPY2,0.6640999913215637,2.0,False,True,True
ISPY2_277848,ISPY2,0.5859000086784363,2.0,True,True,True
ISPY2_277888,ISPY2,0.7813000082969666,1.2000000476837158,False,False,False
ISPY2_279902,ISPY2,0.7031000256538391,2.200000047683716,False,True,True
ISPY2_280375,ISPY2,0.7031000256538391,2.200000047683716,False,True,True
ISPY2_282082,ISPY2,1.25,1.100000023841858,True,False,True
ISPY2_282644,ISPY2,0.6640999913215637,2.200000047683716,False,True,True
ISPY2_282777,ISPY2,0.8413461446762085,2.5,False,True,True
ISPY2_283070,ISPY2,0.8333333134651184,1.0,False,False,False
ISPY2_284355,ISPY2,0.7031000256538391,2.200000047683716,False,True,True
ISPY2_284443,ISPY2,0.6640999913215637,2.0,False,True,True
ISPY2_284593,ISPY2,0.5468999743461609,2.0,True,True,True
ISPY2_285339,ISPY2,0.6666666865348816,1.0,False,False,False
ISPY2_286984,ISPY2,0.5077999830245972,2.0,True,True,True
ISPY2_287300,ISPY2,0.625,2.0,False,True,True
ISPY2_287961,ISPY2,0.625,1.2000000476837158,False,False,False
ISPY2_289107,ISPY2,0.6640999913215637,1.2000000476837158,False,False,False
ISPY2_289420,ISPY2,0.5859000086784363,2.0,True,True,True
ISPY2_290413,ISPY2,0.9375,2.5,False,True,True
ISPY2_291515,ISPY2,0.625,2.0,False,True,True
ISPY2_293142,ISPY2,0.7031000256538391,2.4000000953674316,False,True,True
ISPY2_294176,ISPY2,0.5859000086784363,2.0,True,True,True
ISPY2_294265,ISPY2,0.7031000256538391,2.200000047683716,False,True,True
ISPY2_294739,ISPY2,0.703125,2.0,False,True,True
ISPY2_296123,ISPY2,0.625,1.2000000476837158,False,False,False
ISPY2_296841,ISPY2,0.6836000084877014,2.0,False,True,True
ISPY2_298101,ISPY2,0.5859000086784363,2.0,True,True,True
ISPY2_299364,ISPY2,0.7291666865348816,1.0,False,False,False
ISPY2_299840,ISPY2,0.6071428656578064,2.5,False,True,True
ISPY2_299962,ISPY2,0.7031000256538391,2.0,False,True,True
ISPY2_300724,ISPY2,0.5859000086784363,2.4000000953674316,True,True,True
ISPY2_301289,ISPY2,0.8413461446762085,2.5,False,True,True
ISPY2_301665,ISPY2,0.7031000256538391,2.0,False,True,True
ISPY2_301968,ISPY2,0.7813000082969666,1.2000000476837158,False,False,False
ISPY2_303685,ISPY2,0.5859375,1.2999999523162842,True,True,True
ISPY2_303947,ISPY2,1.171875,1.100000023841858,True,False,True
ISPY2_306127,ISPY2,0.8072916865348816,1.0,False,False,False
ISPY2_306401,ISPY2,0.7422000169754028,2.200000047683716,False,True,True
ISPY2_307659,ISPY2,0.5625,1.0,True,False,True
ISPY2_309830,ISPY2,0.859375,1.0,False,False,False
ISPY2_311316,ISPY2,0.703125,2.0,False,True,True
ISPY2_311455,ISPY2,0.5859000086784363,2.0,True,True,True
ISPY2_313243,ISPY2,0.8999999761581421,2.5,False,True,True
ISPY2_313672,ISPY2,0.6445000171661377,2.4000000953674316,False,True,True
ISPY2_316996,ISPY2,0.5663999915122986,2.0,True,True,True
ISPY2_317131,ISPY2,0.5859000086784363,2.4000000953674316,True,True,True
ISPY2_317402,ISPY2,0.625,2.200000047683716,False,True,True
ISPY2_317641,ISPY2,0.625,2.0,False,True,True
ISPY2_318293,ISPY2,0.8999999761581421,2.5,False,True,True
ISPY2_318407,ISPY2,0.7291666865348816,1.0,False,False,False
ISPY2_318438,ISPY2,1.171875,1.1200000047683716,True,False,True
ISPY2_318569,ISPY2,0.5859000086784363,2.0,True,True,True
ISPY2_319324,ISPY2,0.6054999828338623,2.4000000953674316,False,True,True
ISPY2_320538,ISPY2,0.7031000256538391,2.200000047683716,False,True,True
ISPY2_323721,ISPY2,0.7031000256538391,2.200000047683716,False,True,True
ISPY2_324021,ISPY2,0.6071428656578064,2.5,False,True,True
ISPY2_326202,ISPY2,0.6640999913215637,1.2000000476837158,False,False,False
ISPY2_326433,ISPY2,0.78125,1.0,False,False,False
ISPY2_327133,ISPY2,1.09375,1.2000000476837158,True,False,True
ISPY2_327142,ISPY2,0.703125,2.0,False,True,True
ISPY2_327917,ISPY2,0.8413461446762085,2.5,False,True,True
ISPY2_328160,ISPY2,0.6445000171661377,2.0,False,True,True
ISPY2_329076,ISPY2,0.6054999828338623,2.0,False,True,True
ISPY2_329941,ISPY2,0.7031000256538391,2.4000000953674316,False,True,True
ISPY2_330134,ISPY2,0.7031000256538391,2.4000000953674316,False,True,True
ISPY2_331192,ISPY2,1.25,1.100000023841858,True,False,True
ISPY2_332655,ISPY2,0.9375,2.5,False,True,True
ISPY2_333145,ISPY2,0.6640999913215637,2.0,False,True,True
ISPY2_335091,ISPY2,0.546875,1.0,True,False,True
ISPY2_335536,ISPY2,0.7031000256538391,2.200000047683716,False,True,True
ISPY2_340186,ISPY2,0.6640999913215637,1.2000007629394531,False,False,False
ISPY2_341238,ISPY2,0.703125,2.0,False,True,True
ISPY2_342142,ISPY2,0.5077999830245972,2.4000000953674316,True,True,True
ISPY2_342959,ISPY2,0.64453125,1.0,False,False,False
ISPY2_342996,ISPY2,0.6054999828338623,2.0,False,True,True
ISPY2_343898,ISPY2,0.6640625,1.0,False,False,False
ISPY2_345460,ISPY2,0.703125,1.0,False,False,False
ISPY2_345483,ISPY2,0.9895833134651184,1.100000023841858,False,False,False
ISPY2_345574,ISPY2,0.6640999913215637,2.0,False,True,True
ISPY2_345907,ISPY2,0.6640999913215637,2.0,False,True,True
ISPY2_347516,ISPY2,0.625,2.5,False,True,True
ISPY2_348009,ISPY2,0.6054999828338623,2.0,False,True,True
ISPY2_349225,ISPY2,0.6640999913215637,2.0,False,True,True
ISPY2_349330,ISPY2,0.625,2.0,False,True,True
ISPY2_349639,ISPY2,0.9375,1.0,False,False,False
ISPY2_350331,ISPY2,0.9375,1.2000000476837158,False,False,False
ISPY2_353318,ISPY2,0.5859000086784363,2.5,True,True,True
ISPY2_355292,ISPY2,0.8413461446762085,2.5,False,True,True
ISPY2_355942,ISPY2,0.7031000256538391,1.2000000476837158,False,False,False
ISPY2_356399,ISPY2,0.8202999830245972,1.2000000476837158,False,False,False
ISPY2_356431,ISPY2,0.7226999998092651,2.0,False,True,True
ISPY2_356684,ISPY2,0.7226999998092651,1.2000000476837158,False,False,False
ISPY2_357017,ISPY2,0.5652173757553101,1.2000000476837158,True,False,True
ISPY2_357034,ISPY2,0.6640999913215637,2.5,False,True,True
ISPY2_360937,ISPY2,0.5859000086784363,2.0,True,True,True
ISPY2_361701,ISPY2,0.7031000256538391,2.200000047683716,False,True,True
ISPY2_362150,ISPY2,0.7031000256538391,2.200000047683716,False,True,True
ISPY2_362993,ISPY2,0.7813000082969666,1.2000000476837158,False,False,False
ISPY2_363669,ISPY2,0.7031000256538391,2.200000047683716,False,True,True
ISPY2_366120,ISPY2,0.8413461446762085,2.5,False,True,True
ISPY2_367682,ISPY2,0.6640999913215637,2.0,False,True,True
ISPY2_369040,ISPY2,0.7031000256538391,1.2000000476837158,False,False,False
ISPY2_371528,ISPY2,0.703125,2.0,False,True,True
ISPY2_373346,ISPY2,0.7031000256538391,2.200000047683716,False,True,True
ISPY2_373672,ISPY2,0.7031000256538391,1.1999986171722412,False,False,False
ISPY2_374106,ISPY2,0.625,1.2000000476837158,False,False,False
ISPY2_374121,ISPY2,0.5468999743461609,2.0,True,True,True
ISPY2_375342,ISPY2,0.703125,1.0,False,False,False
ISPY2_375455,ISPY2,0.6054999828338623,2.0,False,True,True
ISPY2_376676,ISPY2,0.5859000086784363,2.0,True,True,True
ISPY2_377460,ISPY2,0.78125,1.2000000476837158,False,False,False
ISPY2_378401,ISPY2,0.625,2.0,False,True,True
ISPY2_378885,ISPY2,0.78125,1.0,False,False,False
ISPY2_380239,ISPY2,0.5077999830245972,2.0,True,True,True
ISPY2_380769,ISPY2,0.703125,2.0,False,True,True
ISPY2_380972,ISPY2,0.5859000086784363,2.0,True,True,True
ISPY2_382853,ISPY2,0.8333333134651184,2.5,False,True,True
ISPY2_383456,ISPY2,0.6640999913215637,2.200000047683716,False,True,True
ISPY2_384830,ISPY2,0.703125,2.0,False,True,True
ISPY2_386664,ISPY2,0.5859000086784363,2.4000000953674316,True,True,True
ISPY2_388581,ISPY2,0.625,1.2000000476837158,False,False,False
ISPY2_391942,ISPY2,0.6640625,1.399999976158142,False,True,True
ISPY2_395076,ISPY2,0.5859000086784363,2.0,True,True,True
ISPY2_395249,ISPY2,0.5859000086784363,2.0,True,True,True
ISPY2_395379,ISPY2,0.625,0.7999969720840454,False,True,True
ISPY2_396723,ISPY2,0.703125,2.0,False,True,True
ISPY2_397505,ISPY2,0.7031000256538391,1.2000000476837158,False,False,False
ISPY2_399478,ISPY2,0.6836000084877014,2.200000047683716,False,True,True
ISPY2_401215,ISPY2,0.625,2.0,False,True,True
ISPY2_402265,ISPY2,0.7813000082969666,1.2000000476837158,False,False,False
ISPY2_402384,ISPY2,0.703125,1.0,False,False,False
ISPY2_405717,ISPY2,0.6836000084877014,1.2000000476837158,False,False,False
ISPY2_406190,ISPY2,0.9375,2.5,False,True,True
ISPY2_407539,ISPY2,0.7031000256538391,2.0,False,True,True
ISPY2_408692,ISPY2,0.6445000171661377,2.0,False,True,True
ISPY2_409288,ISPY2,0.625,2.5,False,True,True
ISPY2_410083,ISPY2,0.7031000256538391,2.5,False,True,True
ISPY2_411008,ISPY2,0.8333333134651184,1.25,False,True,True
ISPY2_411684,ISPY2,0.6640999913215637,1.2000000476837158,False,False,False
ISPY2_411806,ISPY2,0.8072916865348816,1.100000023841858,False,False,False
ISPY2_411950,ISPY2,0.8333333134651184,1.100000023841858,False,False,False
ISPY2_412772,ISPY2,0.703125,2.0,False,True,True
ISPY2_413211,ISPY2,0.6445000171661377,2.299999952316284,False,True,True
ISPY2_413961,ISPY2,1.015625,1.2000000476837158,False,False,False
ISPY2_414256,ISPY2,0.5859000086784363,2.0,True,True,True
ISPY2_414286,ISPY2,1.171875,1.2999999523162842,True,True,True
ISPY2_414844,ISPY2,0.5859375,1.2999999523162842,True,True,True
ISPY2_414971,ISPY2,0.8999999761581421,2.5,False,True,True
ISPY2_415039,ISPY2,0.8333333134651184,1.0,False,False,False
ISPY2_416434,ISPY2,0.5077999830245972,2.4000000953674316,True,True,True
ISPY2_417474,ISPY2,0.625,2.0,False,True,True
ISPY2_417654,ISPY2,0.625,2.0,False,True,True
ISPY2_418593,ISPY2,0.9114583134651184,1.0,False,False,False
ISPY2_419590,ISPY2,0.7031000256538391,2.200000047683716,False,True,True
ISPY2_420523,ISPY2,0.5769230723381042,1.0,True,False,True
ISPY2_421829,ISPY2,1.25,0.8000010251998901,True,True,True
ISPY2_421917,ISPY2,0.7031000256538391,2.200000047683716,False,True,True
ISPY2_422013,ISPY2,0.5284552574157715,1.2000000476837158,True,False,True
ISPY2_422450,ISPY2,0.78125,1.0,False,False,False
ISPY2_422454,ISPY2,0.78125,1.100000023841858,False,False,False
ISPY2_423619,ISPY2,0.5663999915122986,2.0,True,True,True
ISPY2_423979,ISPY2,0.5663999915122986,2.0,True,True,True
ISPY2_424541,ISPY2,0.5859000086784363,2.0,True,True,True
ISPY2_425173,ISPY2,0.5859000086784363,2.0,True,True,True
ISPY2_426106,ISPY2,0.8398000001907349,1.2000000476837158,False,False,False
ISPY2_427321,ISPY2,0.8008000254631042,2.0,False,True,True
ISPY2_429220,ISPY2,0.7031000256538391,2.0,False,True,True
ISPY2_430441,ISPY2,0.5859375,1.0,True,False,True
ISPY2_431061,ISPY2,0.7226999998092651,2.5999999046325684,False,True,True
ISPY2_432114,ISPY2,0.7813000082969666,1.2000000476837158,False,False,False
ISPY2_433144,ISPY2,0.7813000082969666,1.2000000476837158,False,False,False
ISPY2_435279,ISPY2,0.5468999743461609,2.200000047683716,True,True,True
ISPY2_435313,ISPY2,0.9375,2.5,False,True,True
ISPY2_436371,ISPY2,0.5859000086784363,2.4000000953674316,True,True,True
ISPY2_437162,ISPY2,0.7031000256538391,1.2000000476837158,False,False,False
ISPY2_437968,ISPY2,0.5859000086784363,2.0,True,True,True
ISPY2_439489,ISPY2,0.5663999915122986,2.4000000953674316,True,True,True
ISPY2_442637,ISPY2,0.8999999761581421,2.5,False,True,True
ISPY2_442669,ISPY2,0.7031000256538391,2.4000000953674316,False,True,True
ISPY2_442981,ISPY2,0.5859375,1.2999999523162842,True,True,True
ISPY2_443444,ISPY2,0.9375,2.5,False,True,True
ISPY2_443708,ISPY2,0.6640999913215637,1.7999999523162842,False,True,True
ISPY2_446263,ISPY2,0.7031000256538391,2.200000047683716,False,True,True
ISPY2_451482,ISPY2,0.9375,1.0,False,False,False
ISPY2_451816,ISPY2,0.6054999828338623,2.0,False,True,True
ISPY2_452703,ISPY2,0.9114583134651184,1.0,False,False,False
ISPY2_453596,ISPY2,0.7031000256538391,2.200000047683716,False,True,True
ISPY2_454808,ISPY2,0.5468999743461609,2.4000000953674316,True,True,True
ISPY2_455828,ISPY2,0.625,2.5,False,True,True
ISPY2_456432,ISPY2,0.625,1.0,False,False,False
ISPY2_456506,ISPY2,0.7031000256538391,1.2000000476837158,False,False,False
ISPY2_458196,ISPY2,0.7031000256538391,1.2000000476837158,False,False,False
ISPY2_459311,ISPY2,0.7031000256538391,2.200000047683716,False,True,True
ISPY2_460642,ISPY2,0.6836000084877014,1.2000000476837158,False,False,False
ISPY2_460776,ISPY2,0.6836000084877014,2.299999952316284,False,True,True
ISPY2_460812,ISPY2,0.625,2.5,False,True,True
ISPY2_461824,ISPY2,0.5859000086784363,2.4000000953674316,True,True,True
ISPY2_462581,ISPY2,0.8413461446762085,2.5,False,True,True
ISPY2_462582,ISPY2,0.7031000256538391,2.200000047683716,False,True,True
ISPY2_462605,ISPY2,0.9895833134651184,1.100000023841858,False,False,False
ISPY2_464547,ISPY2,0.9375,2.5,False,True,True
ISPY2_465008,ISPY2,0.7031000256538391,2.200000047683716,False,True,True
ISPY2_466267,ISPY2,0.7291666865348816,1.0,False,False,False
ISPY2_467622,ISPY2,0.8999999761581421,2.5,False,True,True
ISPY2_467686,ISPY2,0.625,2.0,False,True,True
ISPY2_472799,ISPY2,0.6640999913215637,1.2000000476837158,False,False,False
ISPY2_473365,ISPY2,0.7031000256538391,2.200000047683716,False,True,True
ISPY2_473468,ISPY2,0.5077999830245972,2.4000000953674316,True,True,True
ISPY2_473505,ISPY2,1.25,0.8000010251998901,True,True,True
ISPY2_474874,ISPY2,0.5859000086784363,2.0,True,True,True
ISPY2_477816,ISPY2,0.8333333134651184,1.0,False,False,False
ISPY2_477994,ISPY2,0.5859000086784363,1.2000000476837158,True,False,True
ISPY2_478055,ISPY2,0.6640999913215637,2.5,False,True,True
ISPY2_478484,ISPY2,0.5663999915122986,2.0,True,True,True
ISPY2_478655,ISPY2,0.7031000256538391,1.2000000476837158,False,False,False
ISPY2_479417,ISPY2,0.6640999913215637,2.0,False,True,True
ISPY2_483667,ISPY2,0.64453125,1.0,False,False,False
ISPY2_483910,ISPY2,1.25,0.8999980092048645,True,True,True
ISPY2_484867,ISPY2,0.6445000171661377,2.0,False,True,True
ISPY2_484894,ISPY2,0.7031000256538391,2.200000047683716,False,True,True
ISPY2_485637,ISPY2,1.3280999660491943,0.8000010251998901,True,True,True
ISPY2_489194,ISPY2,0.7031000256538391,2.200000047683716,False,True,True
ISPY2_489504,ISPY2,0.625,2.0,False,True,True
ISPY2_489973,ISPY2,0.8999999761581421,2.5,False,True,True
ISPY2_490023,ISPY2,0.703125,2.0,False,True,True
ISPY2_490805,ISPY2,0.5859000086784363,2.200000047683716,True,True,True
ISPY2_491526,ISPY2,0.625,2.0,False,True,True
ISPY2_491779,ISPY2,0.9375,1.0,False,False,False
ISPY2_492612,ISPY2,0.625,2.0999999046325684,False,True,True
ISPY2_493472,ISPY2,0.5859375,1.2999999523162842,True,True,True
ISPY2_493519,ISPY2,0.7291666865348816,1.0,False,False,False
ISPY2_493775,ISPY2,0.703125,2.0,False,True,True
ISPY2_494022,ISPY2,0.9615384340286255,2.5,False,True,True
ISPY2_494296,ISPY2,0.5663999915122986,2.0,True,True,True
ISPY2_494946,ISPY2,0.703125,2.0,False,True,True
ISPY2_495440,ISPY2,0.703125,2.0,False,True,True
ISPY2_496205,ISPY2,0.6640999913215637,2.0,False,True,True
ISPY2_497010,ISPY2,0.703125,2.0,False,True,True
ISPY2_498024,ISPY2,0.5859000086784363,2.200000047683716,True,True,True
ISPY2_498985,ISPY2,0.9375,2.5,False,True,True
ISPY2_500826,ISPY2,0.7031000256538391,2.200000047683716,False,True,True
ISPY2_501303,ISPY2,0.6640999913215637,1.2000000476837158,False,False,False
ISPY2_502486,ISPY2,0.625,2.0,False,True,True
ISPY2_503034,ISPY2,0.703125,2.0,False,True,True
ISPY2_504838,ISPY2,0.7291666865348816,1.0,False,False,False
ISPY2_506623,ISPY2,0.6640999913215637,2.0,False,True,True
ISPY2_507198,ISPY2,0.6445000171661377,2.0,False,True,True
ISPY2_507249,ISPY2,0.8333333134651184,1.0,False,False,False
ISPY2_509012,ISPY2,0.8854166865348816,2.5,False,True,True
ISPY2_510543,ISPY2,0.7031000256538391,1.2000000476837158,False,False,False
ISPY2_511851,ISPY2,0.5859000086784363,2.0,True,True,True
ISPY2_515105,ISPY2,0.7813000082969666,1.2000000476837158,False,False,False
ISPY2_515141,ISPY2,0.9114583134651184,1.2000000476837158,False,False,False
ISPY2_515281,ISPY2,0.6054999828338623,2.4000000953674316,False,True,True
ISPY2_515284,ISPY2,0.9114583134651184,1.0,False,False,False
ISPY2_515565,ISPY2,1.1458333730697632,1.2000000476837158,True,False,True
ISPY2_516763,ISPY2,0.625,2.200000047683716,False,True,True
ISPY2_516834,ISPY2,0.625,2.0,False,True,True
ISPY2_517446,ISPY2,0.5859000086784363,1.7999999523162842,True,True,True
ISPY2_517870,ISPY2,0.6640999913215637,1.2000000476837158,False,False,False
ISPY2_518000,ISPY2,0.6640999913215637,2.5999999046325684,False,True,True
ISPY2_518576,ISPY2,0.7031000256538391,2.0,False,True,True
ISPY2_519738,ISPY2,0.5859000086784363,2.0,True,True,True
ISPY2_520258,ISPY2,0.8333333134651184,2.5,False,True,True
ISPY2_520471,ISPY2,0.8854166865348816,1.0,False,False,False
ISPY2_520986,ISPY2,0.7813000082969666,1.2000000476837158,False,False,False
ISPY2_521860,ISPY2,0.703125,1.0,False,False,False
ISPY2_522140,ISPY2,0.7031000256538391,2.200000047683716,False,True,True
ISPY2_524170,ISPY2,0.6445000171661377,2.0,False,True,True
ISPY2_527320,ISPY2,0.6640999913215637,1.2000000476837158,False,False,False
ISPY2_527581,ISPY2,0.8333333134651184,1.2000000476837158,False,False,False
ISPY2_528479,ISPY2,0.703125,2.0,False,True,True
ISPY2_528833,ISPY2,0.42969998717308044,2.4000000953674316,True,True,True
ISPY2_530095,ISPY2,0.703125,2.0,False,True,True
ISPY2_531672,ISPY2,1.328125,1.100000023841858,True,False,True
ISPY2_531988,ISPY2,0.7031000256538391,2.200000047683716,False,True,True
ISPY2_532183,ISPY2,0.6640999913215637,1.2000000476837158,False,False,False
ISPY2_535415,ISPY2,0.625,1.2000000476837158,False,False,False
ISPY2_535569,ISPY2,0.6640999913215637,2.4000000953674316,False,True,True
ISPY2_535779,ISPY2,0.6640999913215637,2.4000000953674316,False,True,True
ISPY2_536253,ISPY2,0.5859000086784363,2.0,True,True,True
ISPY2_539291,ISPY2,0.5859000086784363,2.0,True,True,True
ISPY2_539876,ISPY2,0.5468999743461609,2.0,True,True,True
ISPY2_539904,ISPY2,0.6054999828338623,2.0,False,True,True
ISPY2_540539,ISPY2,0.9375,1.0,False,False,False
ISPY2_541165,ISPY2,0.7031000256538391,1.2000000476837158,False,False,False
ISPY2_542392,ISPY2,0.8854166865348816,1.0,False,False,False
ISPY2_543795,ISPY2,0.8854166865348816,1.0,False,False,False
ISPY2_547892,ISPY2,0.7031000256538391,2.200000047683716,False,True,True
ISPY2_549172,ISPY2,0.9375,2.5,False,True,True
ISPY2_550157,ISPY2,0.6640999913215637,2.4000000953674316,False,True,True
ISPY2_550421,ISPY2,0.6880733966827393,1.0,False,False,False
ISPY2_551795,ISPY2,0.703125,2.0,False,True,True
ISPY2_552313,ISPY2,0.8854166865348816,1.2000000476837158,False,False,False
ISPY2_552549,ISPY2,0.5468999743461609,2.4000000953674316,True,True,True
ISPY2_553012,ISPY2,0.7031000256538391,2.200000047683716,False,True,True
ISPY2_553141,ISPY2,0.6054999828338623,2.0,False,True,True
ISPY2_554577,ISPY2,0.5468999743461609,2.0,True,True,True
ISPY2_555214,ISPY2,0.625,2.0,False,True,True
ISPY2_559021,ISPY2,0.7813000082969666,1.2000000476837158,False,False,False
ISPY2_559263,ISPY2,0.703125,2.0,False,True,True
ISPY2_563681,ISPY2,0.5859000086784363,2.0,True,True,True
ISPY2_563856,ISPY2,0.5859000086784363,2.0,True,True,True
ISPY2_564234,ISPY2,0.625,1.2000000476837158,False,False,False
ISPY2_564701,ISPY2,0.8333333134651184,1.0,False,False,False
ISPY2_566011,ISPY2,0.6640999913215637,2.0,False,True,True
ISPY2_567201,ISPY2,0.7031000256538391,2.200000047683716,False,True,True
ISPY2_567907,ISPY2,0.7031000256538391,1.2000000476837158,False,False,False
ISPY2_568331,ISPY2,0.7031000256538391,1.2000000476837158,False,False,False
ISPY2_568953,ISPY2,0.5859000086784363,2.4000000953674316,True,True,True
ISPY2_570148,ISPY2,0.6640999913215637,2.0,False,True,True
ISPY2_570380,ISPY2,0.6836000084877014,1.2000000476837158,False,False,False
ISPY2_570685,ISPY2,0.7031000256538391,2.200000047683716,False,True,True
ISPY2_570966,ISPY2,0.625,1.2000000476837158,False,False,False
ISPY2_571276,ISPY2,0.7031000256538391,2.200000047683716,False,True,True
ISPY2_571995,ISPY2,0.6054999828338623,2.0,False,True,True
ISPY2_572016,ISPY2,0.78125,1.0,False,False,False
ISPY2_572235,ISPY2,0.6445000171661377,2.0,False,True,True
ISPY2_572444,ISPY2,1.0416666269302368,1.2000000476837158,True,False,True
ISPY2_572731,ISPY2,0.703125,2.0,False,True,True
ISPY2_572793,ISPY2,0.6785714030265808,1.0,False,False,False
ISPY2_573586,ISPY2,0.6640999913215637,1.1999986171722412,False,False,False
ISPY2_573605,ISPY2,0.625,2.0,False,True,True
ISPY2_573881,ISPY2,0.8333333134651184,1.0,False,False,False
ISPY2_573919,ISPY2,0.5859000086784363,2.0,True,True,True
ISPY2_574091,ISPY2,0.625,2.0,False,True,True
ISPY2_575372,ISPY2,0.5859000086784363,2.0,True,True,True
ISPY2_575457,ISPY2,0.625,2.0,False,True,True
ISPY2_578975,ISPY2,0.6054999828338623,2.4000000953674316,False,True,True
ISPY2_579881,ISPY2,0.5077999830245972,2.0,True,True,True
ISPY2_580541,ISPY2,0.7031000256538391,2.200000047683716,False,True,True
ISPY2_580632,ISPY2,0.6445000171661377,2.0,False,True,True
ISPY2_581648,ISPY2,0.8999999761581421,2.5,False,True,True
ISPY2_584561,ISPY2,0.6666666865348816,1.0,False,False,False
ISPY2_586091,ISPY2,0.7031000256538391,1.2000000476837158,False,False,False
ISPY2_586207,ISPY2,0.7031000256538391,1.2000000476837158,False,False,False
ISPY2_587388,ISPY2,0.5625,1.0,True,False,True
ISPY2_587604,ISPY2,0.64453125,1.0,False,False,False
ISPY2_587691,ISPY2,0.6666666865348816,1.0,False,False,False
ISPY2_589502,ISPY2,0.703125,2.0,False,True,True
ISPY2_590220,ISPY2,1.40625,1.2000000476837158,True,False,True
ISPY2_590299,ISPY2,0.9375,1.2000000476837158,False,False,False
ISPY2_591079,ISPY2,0.625,2.0,False,True,True
ISPY2_591180,ISPY2,0.7031000256538391,2.0,False,True,True
ISPY2_591810,ISPY2,0.6640625,1.0,False,False,False
ISPY2_592535,ISPY2,0.8333333134651184,1.0,False,False,False
ISPY2_596079,ISPY2,0.859375,1.100000023841858,False,False,False
ISPY2_596458,ISPY2,0.8333333134651184,1.0,False,False,False
ISPY2_597253,ISPY2,0.5625,1.0,True,False,True
ISPY2_597873,ISPY2,0.6054999828338623,2.5,False,True,True
ISPY2_597907,ISPY2,0.8999999761581421,2.5,False,True,True
ISPY2_598798,ISPY2,0.9375,1.100000023841858,False,False,False
ISPY2_598835,ISPY2,0.625,1.2000000476837158,False,False,False
ISPY2_600536,ISPY2,0.5859000086784363,2.0,True,True,True
ISPY2_601489,ISPY2,0.7813000082969666,1.2000000476837158,False,False,False
ISPY2_602451,ISPY2,0.9114583134651184,1.100000023841858,False,False,False
ISPY2_602943,ISPY2,0.8072916865348816,1.2000000476837158,False,False,False
ISPY2_604199,ISPY2,0.9114583134651184,2.5,False,True,True
ISPY2_604326,ISPY2,0.7031000256538391,2.200000047683716,False,True,True
ISPY2_604380,ISPY2,0.703125,2.0,False,True,True
ISPY2_605713,ISPY2,0.5663999915122986,2.0,True,True,True
ISPY2_607047,ISPY2,1.25,0.8999999761581421,True,True,True
ISPY2_607843,ISPY2,0.7031000256538391,2.200000047683716,False,True,True
ISPY2_609151,ISPY2,0.625,2.0,False,True,True
ISPY2_609642,ISPY2,0.78125,1.2000000476837158,False,False,False
ISPY2_609897,ISPY2,0.6054999828338623,2.0,False,True,True
ISPY2_611662,ISPY2,0.625,2.4000000953674316,False,True,True
ISPY2_613188,ISPY2,0.6445000171661377,2.4000000953674316,False,True,True
ISPY2_613961,ISPY2,0.7031000256538391,2.200000047683716,False,True,True
ISPY2_614044,ISPY2,0.703125,2.0,False,True,True
ISPY2_614434,ISPY2,0.5077999830245972,2.4000000953674316,True,True,True
ISPY2_615873,ISPY2,0.6640999913215637,1.2000000476837158,False,False,False
ISPY2_616994,ISPY2,0.7031000256538391,2.200000047683716,False,True,True
ISPY2_618240,ISPY2,1.0416666269302368,1.2000000476837158,True,False,True
ISPY2_618717,ISPY2,0.6640999913215637,1.2000000476837158,False,False,False
ISPY2_618860,ISPY2,0.6640625,1.0,False,False,False
ISPY2_621179,ISPY2,0.8854166865348816,1.100000023841858,False,False,False
ISPY2_622078,ISPY2,0.9375,1.2000000476837158,False,False,False
ISPY2_622315,ISPY2,0.5859000086784363,2.4000000953674316,True,True,True
ISPY2_622688,ISPY2,0.7422000169754028,1.2000000476837158,False,False,False
ISPY2_623086,ISPY2,0.7422000169754028,2.0,False,True,True
ISPY2_623569,ISPY2,0.703125,2.0,False,True,True
ISPY2_624777,ISPY2,0.703125,1.0,False,False,False
ISPY2_625800,ISPY2,0.7226999998092651,2.0,False,True,True
ISPY2_625854,ISPY2,0.6640999913215637,1.2000000476837158,False,False,False
ISPY2_627118,ISPY2,0.625,2.0,False,True,True
ISPY2_627981,ISPY2,0.9375,1.0,False,False,False
ISPY2_628692,ISPY2,0.625,2.0,False,True,True
ISPY2_628788,ISPY2,0.64453125,1.0,False,False,False
ISPY2_628823,ISPY2,0.8202999830245972,2.200000047683716,False,True,True
ISPY2_629210,ISPY2,0.703125,2.0,False,True,True
ISPY2_629371,ISPY2,0.703125,2.0,False,True,True
ISPY2_629606,ISPY2,0.8333333134651184,1.0,False,False,False
ISPY2_630758,ISPY2,0.6445000171661377,2.0,False,True,True
ISPY2_631299,ISPY2,0.7031000256538391,2.200000047683716,False,True,True
ISPY2_631337,ISPY2,0.8333333134651184,1.100000023841858,False,False,False
ISPY2_632408,ISPY2,0.5859000086784363,2.0,True,True,True
ISPY2_635632,ISPY2,0.6640999913215637,2.0,False,True,True
ISPY2_635862,ISPY2,0.5859000086784363,2.0,True,True,True
ISPY2_636424,ISPY2,0.6445000171661377,2.0,False,True,True
ISPY2_637051,ISPY2,0.9615384340286255,2.5,False,True,True
ISPY2_637566,ISPY2,0.5859000086784363,2.200000047683716,True,True,True
ISPY2_637752,ISPY2,0.7552083134651184,1.0,False,False,False
ISPY2_638126,ISPY2,0.7813000082969666,2.200000047683716,False,True,True
ISPY2_639663,ISPY2,0.8333333134651184,2.5,False,True,True
ISPY2_640043,ISPY2,1.25,0.8000010251998901,True,True,True
ISPY2_640463,ISPY2,1.328125,1.25,True,True,True
ISPY2_640927,ISPY2,0.5625,1.0,True,False,True
ISPY2_641246,ISPY2,0.78125,1.0,False,False,False
ISPY2_641697,ISPY2,0.625,1.0,False,False,False
ISPY2_641977,ISPY2,0.6836000084877014,2.0,False,True,True
ISPY2_644186,ISPY2,0.7031000256538391,2.200000047683716,False,True,True
ISPY2_644609,ISPY2,0.625,2.4000000953674316,False,True,True
ISPY2_646233,ISPY2,0.6640999913215637,2.0,False,True,True
ISPY2_646600,ISPY2,0.8999999761581421,2.5,False,True,True
ISPY2_649198,ISPY2,0.5859375,1.2999999523162842,True,True,True
ISPY2_650589,ISPY2,0.78125,1.0,False,False,False
ISPY2_651145,ISPY2,0.6836000084877014,2.0,False,True,True
ISPY2_651401,ISPY2,0.6445000171661377,2.0999999046325684,False,True,True
ISPY2_651541,ISPY2,0.78125,1.0,False,False,False
ISPY2_652480,ISPY2,0.5859000086784363,2.0,True,True,True
ISPY2_653325,ISPY2,0.6640625,1.0,False,False,False
ISPY2_653927,ISPY2,0.6640999913215637,2.0,False,True,True
ISPY2_654021,ISPY2,0.6054999828338623,2.0,False,True,True
ISPY2_654064,ISPY2,0.6836000084877014,1.2000000476837158,False,False,False
ISPY2_654956,ISPY2,0.7031000256538391,1.2000000476837158,False,False,False
ISPY2_655128,ISPY2,0.6640999913215637,2.0,False,True,True
ISPY2_655703,ISPY2,0.7552083134651184,1.0,False,False,False
ISPY2_655795,ISPY2,1.25,0.8999980092048645,True,True,True
ISPY2_658541,ISPY2,0.6640999913215637,2.0,False,True,True
ISPY2_660534,ISPY2,0.5859000086784363,2.0,True,True,True
ISPY2_660915,ISPY2,0.625,2.0,False,True,True
ISPY2_661730,ISPY2,0.7031000256538391,2.200000047683716,False,True,True
ISPY2_663144,ISPY2,0.6640999913215637,2.0,False,True,True
ISPY2_663197,ISPY2,0.625,2.5,False,True,True
ISPY2_663467,ISPY2,0.7031000256538391,2.4000000953674316,False,True,True
ISPY2_664111,ISPY2,0.7031000256538391,2.200000047683716,False,True,True
ISPY2_664658,ISPY2,0.7422000169754028,1.2000000476837158,False,False,False
ISPY2_666147,ISPY2,0.6640999913215637,1.2000000476837158,False,False,False
ISPY2_666450,ISPY2,0.625,2.0,False,True,True
ISPY2_666715,ISPY2,0.7422000169754028,1.2000000476837158,False,False,False
ISPY2_668752,ISPY2,0.6640999913215637,1.2000000476837158,False,False,False
ISPY2_672734,ISPY2,0.6640999913215637,2.0,False,True,True
ISPY2_674897,ISPY2,0.6640999913215637,2.0,False,True,True
ISPY2_676048,ISPY2,0.703125,2.0,False,True,True
ISPY2_676365,ISPY2,0.8333333134651184,1.100000023841858,False,False,False
ISPY2_676630,ISPY2,1.0416666269302368,1.2000000476837158,True,False,True
ISPY2_677910,ISPY2,0.703125,2.0,False,True,True
ISPY2_677915,ISPY2,0.6640999913215637,2.299999952316284,False,True,True
ISPY2_679787,ISPY2,0.703125,1.0,False,False,False
ISPY2_680881,ISPY2,0.5859000086784363,2.0,True,True,True
ISPY2_683173,ISPY2,0.625,2.0,False,True,True
ISPY2_683374,ISPY2,0.6640999913215637,1.2000000476837158,False,False,False
ISPY2_683457,ISPY2,0.703125,1.0,False,False,False
ISPY2_683896,ISPY2,0.703125,2.0,False,True,True
ISPY2_685182,ISPY2,0.8413461446762085,2.5,False,True,True
ISPY2_685753,ISPY2,0.703125,2.0,False,True,True
ISPY2_685795,ISPY2,0.7422000169754028,1.2000000476837158,False,False,False
ISPY2_687288,ISPY2,0.64453125,1.0,False,False,False
ISPY2_687733,ISPY2,0.625,2.5,False,True,True
ISPY2_688291,ISPY2,0.7031000256538391,2.200000047683716,False,True,True
ISPY2_688955,ISPY2,0.7031000256538391,2.200000047683716,False,True,True
ISPY2_689076,ISPY2,0.8999999761581421,2.5,False,True,True
ISPY2_689188,ISPY2,0.7031000256538391,2.200000047683716,False,True,True
ISPY2_689452,ISPY2,0.8999999761581421,2.5,False,True,True
ISPY2_689480,ISPY2,0.64453125,1.0,False,False,False
ISPY2_690089,ISPY2,0.7031000256538391,2.200000047683716,False,True,True
ISPY2_690410,ISPY2,0.8413461446762085,2.5,False,True,True
ISPY2_691753,ISPY2,0.6640999913215637,2.0,False,True,True
ISPY2_692885,ISPY2,0.6054999828338623,1.2000000476837158,False,False,False
ISPY2_695521,ISPY2,0.7031000256538391,2.200000047683716,False,True,True
ISPY2_697098,ISPY2,0.6640999913215637,2.0,False,True,True
ISPY2_697871,ISPY2,0.5625,1.0,True,False,True
ISPY2_698094,ISPY2,0.7031000256538391,2.0,False,True,True
ISPY2_700549,ISPY2,0.625,2.0,False,True,True
ISPY2_701790,ISPY2,0.7031000256538391,1.2000000476837158,False,False,False
ISPY2_703401,ISPY2,0.7031000256538391,2.200000047683716,False,True,True
ISPY2_703455,ISPY2,0.625,2.0,False,True,True
ISPY2_705381,ISPY2,0.7031000256538391,1.2000000476837158,False,False,False
ISPY2_706169,ISPY2,0.8999999761581421,2.5,False,True,True
ISPY2_706418,ISPY2,0.6640999913215637,2.5,False,True,True
ISPY2_706639,ISPY2,0.7422000169754028,2.0999999046325684,False,True,True
ISPY2_706943,ISPY2,0.8999999761581421,2.5,False,True,True
ISPY2_708387,ISPY2,0.6445000171661377,1.2000000476837158,False,False,False
ISPY2_709559,ISPY2,0.5859000086784363,2.0,True,True,True
ISPY2_711476,ISPY2,0.7031000256538391,2.200000047683716,False,True,True
ISPY2_712276,ISPY2,0.625,2.4000000953674316,False,True,True
ISPY2_712785,ISPY2,0.7031000256538391,2.5,False,True,True
ISPY2_712917,ISPY2,0.5663999915122986,2.0,True,True,True
ISPY2_714205,ISPY2,0.5859000086784363,2.0,True,True,True
ISPY2_719713,ISPY2,0.5859375,1.2999999523162842,True,True,True
ISPY2_720065,ISPY2,0.625,2.0,False,True,True
ISPY2_721099,ISPY2,0.6445000171661377,1.2000000476837158,False,False,False
ISPY2_723918,ISPY2,0.5970149040222168,1.0,False,False,False
ISPY2_724293,ISPY2,0.6640999913215637,1.2000000476837158,False,False,False
ISPY2_724384,ISPY2,0.6445000171661377,2.0,False,True,True
ISPY2_725455,ISPY2,1.171875,1.5,True,True,True
ISPY2_726091,ISPY2,1.171875,1.2000000476837158,True,False,True
ISPY2_726381,ISPY2,0.7422000169754028,1.199999213218689,False,False,False
ISPY2_726940,ISPY2,0.6054999828338623,2.0,False,True,True
ISPY2_727255,ISPY2,0.5859000086784363,2.0,True,True,True
ISPY2_727804,ISPY2,0.8796296119689941,2.5,False,True,True
ISPY2_728149,ISPY2,0.6640999913215637,1.2000000476837158,False,False,False
ISPY2_728182,ISPY2,0.5284552574157715,1.2000000476837158,True,False,True
ISPY2_728287,ISPY2,0.6640999913215637,1.2000000476837158,False,False,False
ISPY2_728714,ISPY2,0.5468999743461609,2.0,True,True,True
ISPY2_729270,ISPY2,0.859375,1.0,False,False,False
ISPY2_729732,ISPY2,0.7291666865348816,1.0,False,False,False
ISPY2_732137,ISPY2,0.703125,1.0,False,False,False
ISPY2_733276,ISPY2,0.7422000169754028,2.200000047683716,False,True,True
ISPY2_734997,ISPY2,0.6640999913215637,1.2000000476837158,False,False,False
ISPY2_735673,ISPY2,0.6640999913215637,2.4000000953674316,False,True,True
ISPY2_736721,ISPY2,0.5859375,1.0,True,False,True
ISPY2_738041,ISPY2,0.625,2.0,False,True,True
ISPY2_741535,ISPY2,0.5273000001907349,2.0,True,True,True
ISPY2_742477,ISPY2,0.6445000171661377,2.0,False,True,True
ISPY2_745633,ISPY2,0.8999999761581421,2.5,False,True,True
ISPY2_746265,ISPY2,0.7031000256538391,2.200000047683716,False,True,True
ISPY2_746731,ISPY2,0.703125,2.0,False,True,True
ISPY2_748583,ISPY2,0.7031000256538391,2.200000047683716,False,True,True
ISPY2_748611,ISPY2,0.7031000256538391,2.0,False,True,True
ISPY2_749097,ISPY2,0.7813000082969666,1.1999986171722412,False,False,False
ISPY2_752372,ISPY2,0.9375,1.2000000476837158,False,False,False
ISPY2_752469,ISPY2,0.6640999913215637,1.2000000476837158,False,False,False
ISPY2_753109,ISPY2,0.6640999913215637,2.0,False,True,True
ISPY2_755914,ISPY2,0.6640625,1.0,False,False,False
ISPY2_756412,ISPY2,0.5468999743461609,2.4000000953674316,True,True,True
ISPY2_759015,ISPY2,0.5468999743461609,2.0,True,True,True
ISPY2_759418,ISPY2,0.625,2.0,False,True,True
ISPY2_760011,ISPY2,0.703125,2.0,False,True,True
ISPY2_760901,ISPY2,0.625,2.0,False,True,True
ISPY2_765671,ISPY2,0.703125,2.0,False,True,True
ISPY2_765773,ISPY2,0.6445000171661377,2.0,False,True,True
ISPY2_766301,ISPY2,0.5859000086784363,2.0,True,True,True
ISPY2_766967,ISPY2,0.625,1.2000000476837158,False,False,False
ISPY2_767081,ISPY2,0.9615384340286255,2.5,False,True,True
ISPY2_767934,ISPY2,0.625,2.0,False,True,True
ISPY2_768214,ISPY2,0.8333333134651184,1.100000023841858,False,False,False
ISPY2_769972,ISPY2,0.5468999743461609,2.4000000953674316,True,True,True
ISPY2_771151,ISPY2,0.703125,2.0,False,True,True
ISPY2_771443,ISPY2,0.6640999913215637,2.0,False,True,True
ISPY2_771813,ISPY2,0.8999999761581421,2.5,False,True,True
ISPY2_774840,ISPY2,0.7031000256538391,2.200000047683716,False,True,True
ISPY2_775346,ISPY2,0.5859000086784363,2.0,True,True,True
ISPY2_778020,ISPY2,0.5625,1.0,True,False,True
ISPY2_778527,ISPY2,0.8333333134651184,1.0,False,False,False
ISPY2_779739,ISPY2,0.6640999913215637,2.0,False,True,True
ISPY2_780272,ISPY2,0.703125,1.0,False,False,False
ISPY2_781335,ISPY2,0.7421875,2.0,False,True,True
ISPY2_781642,ISPY2,0.64453125,1.0,False,False,False
ISPY2_782334,ISPY2,0.8854166865348816,1.0,False,False,False
ISPY2_783427,ISPY2,0.8999999761581421,2.5,False,True,True
ISPY2_783578,ISPY2,0.8333333134651184,1.0,False,False,False
ISPY2_783764,ISPY2,0.7031000256538391,2.200000047683716,False,True,True
ISPY2_783771,ISPY2,0.6640999913215637,2.4000000953674316,False,True,True
ISPY2_786003,ISPY2,0.5468999743461609,2.0,True,True,True
ISPY2_786480,ISPY2,0.5859000086784363,2.0,True,True,True
ISPY2_786753,ISPY2,0.64453125,1.0,False,False,False
ISPY2_787415,ISPY2,0.7291666865348816,1.0,False,False,False
ISPY2_788149,ISPY2,0.703125,1.0,False,False,False
ISPY2_789497,ISPY2,0.78125,1.0,False,False,False
ISPY2_790070,ISPY2,0.6640999913215637,2.0,False,True,True
ISPY2_790397,ISPY2,0.606796145439148,1.0,False,False,False
ISPY2_790722,ISPY2,0.6445000171661377,2.0,False,True,True
ISPY2_791321,ISPY2,0.9375,1.2000000476837158,False,False,False
ISPY2_791944,ISPY2,0.8854166865348816,1.0,False,False,False
ISPY2_792181,ISPY2,0.6640999913215637,2.0,False,True,True
ISPY2_792412,ISPY2,0.625,2.0,False,True,True
ISPY2_793155,ISPY2,0.64453125,1.0,False,False,False
ISPY2_793684,ISPY2,0.703125,2.0,False,True,True
ISPY2_794128,ISPY2,0.625,2.0,False,True,True
ISPY2_794428,ISPY2,0.6640999913215637,2.0,False,True,True
ISPY2_795996,ISPY2,0.7813000082969666,1.2000000476837158,False,False,False
ISPY2_796558,ISPY2,0.703125,1.0,False,False,False
ISPY2_797427,ISPY2,0.625,2.0,False,True,True
ISPY2_797499,ISPY2,0.5077999830245972,2.4000000953674316,True,True,True
ISPY2_797639,ISPY2,0.5663999915122986,2.0,True,True,True
ISPY2_798604,ISPY2,0.9375,1.399999976158142,False,True,True
ISPY2_799149,ISPY2,0.6054999828338623,2.0,False,True,True
ISPY2_800447,ISPY2,0.6640999913215637,1.2000000476837158,False,False,False
ISPY2_800710,ISPY2,0.6445000171661377,2.0,False,True,True
ISPY2_801641,ISPY2,0.625,1.0,False,False,False
ISPY2_802105,ISPY2,0.5663999915122986,2.0,True,True,True
ISPY2_802308,ISPY2,0.7031000256538391,2.200000047683716,False,True,True
ISPY2_802778,ISPY2,0.625,2.4000000953674316,False,True,True
ISPY2_803514,ISPY2,0.7813000082969666,1.2000000476837158,False,False,False
ISPY2_803677,ISPY2,0.625,2.4000000953674316,False,True,True
ISPY2_804233,ISPY2,0.7031000256538391,2.200000047683716,False,True,True
ISPY2_804979,ISPY2,0.6640999913215637,1.2000000476837158,False,False,False
ISPY2_805136,ISPY2,0.8705357313156128,2.5,False,True,True
ISPY2_808714,ISPY2,0.6640999913215637,1.2000000476837158,False,False,False
ISPY2_809037,ISPY2,0.7031000256538391,2.5,False,True,True
ISPY2_809649,ISPY2,0.5077999830245972,2.4000000953674316,True,True,True
ISPY2_810965,ISPY2,0.6445000171661377,2.0,False,True,True
ISPY2_812089,ISPY2,0.6640999913215637,2.4000000953674316,False,True,True
ISPY2_814299,ISPY2,0.6445000171661377,2.0,False,True,True
ISPY2_815421,ISPY2,0.703125,2.0,False,True,True
ISPY2_815493,ISPY2,0.625,2.5,False,True,True
ISPY2_819622,ISPY2,0.625,2.0,False,True,True
ISPY2_820348,ISPY2,0.78125,1.0,False,False,False
ISPY2_820807,ISPY2,0.703125,2.0,False,True,True
ISPY2_823618,ISPY2,0.9375,2.5,False,True,True
ISPY2_824234,ISPY2,0.5859000086784363,2.0,True,True,True
ISPY2_824350,ISPY2,0.6640999913215637,2.0,False,True,True
ISPY2_824512,ISPY2,0.8854166865348816,1.0,False,False,False
ISPY2_825363,ISPY2,0.9375,2.5,False,True,True
ISPY2_828199,ISPY2,0.5859000086784363,2.0,True,True,True
ISPY2_829491,ISPY2,0.8854166865348816,1.100000023841858,False,False,False
ISPY2_830486,ISPY2,0.6188119053840637,1.0,False,False,False
ISPY2_830958,ISPY2,0.7031000256538391,2.200000047683716,False,True,True
ISPY2_831702,ISPY2,0.7422000169754028,1.2000000476837158,False,False,False
ISPY2_831848,ISPY2,0.7031000256538391,2.200000047683716,False,True,True
ISPY2_832056,ISPY2,1.3280999660491943,0.8000010251998901,True,True,True
ISPY2_833536,ISPY2,1.171875,1.2999999523162842,True,True,True
ISPY2_834418,ISPY2,0.7031000256538391,2.0,False,True,True
ISPY2_835658,ISPY2,0.8999999761581421,2.5,False,True,True
ISPY2_836114,ISPY2,0.625,2.0,False,True,True
ISPY2_836983,ISPY2,0.78125,1.0,False,False,False
ISPY2_839274,ISPY2,0.6428571343421936,1.0,False,False,False
ISPY2_840501,ISPY2,1.25,1.2999999523162842,True,True,True
ISPY2_841336,ISPY2,0.8796296119689941,2.5,False,True,True
ISPY2_843554,ISPY2,0.703125,2.0,False,True,True
ISPY2_845079,ISPY2,0.5859000086784363,2.4000000953674316,True,True,True
ISPY2_845147,ISPY2,0.7031000256538391,1.2000000476837158,False,False,False
ISPY2_845663,ISPY2,0.6054999828338623,2.0,False,True,True
ISPY2_845783,ISPY2,0.7031000256538391,2.200000047683716,False,True,True
ISPY2_846156,ISPY2,0.8333333134651184,1.0,False,False,False
ISPY2_847272,ISPY2,0.7031000256538391,2.200000047683716,False,True,True
ISPY2_847753,ISPY2,0.7031000256538391,2.200000047683716,False,True,True
ISPY2_848003,ISPY2,0.7031000256538391,2.0,False,True,True
ISPY2_848371,ISPY2,0.5663999915122986,2.0,True,True,True
ISPY2_849605,ISPY2,1.40625,1.2000000476837158,True,False,True
ISPY2_851180,ISPY2,1.09375,1.2000000476837158,True,False,True
ISPY2_851223,ISPY2,0.625,2.4000000953674316,False,True,True
ISPY2_851488,ISPY2,0.9375,1.100000023841858,False,False,False
ISPY2_856159,ISPY2,0.6054999828338623,2.0,False,True,True
ISPY2_857165,ISPY2,0.6054999828338623,2.4000000953674316,False,True,True
ISPY2_859699,ISPY2,0.9635416865348816,1.2000000476837158,False,False,False
ISPY2_860243,ISPY2,0.7031000256538391,2.200000047683716,False,True,True
ISPY2_860901,ISPY2,0.625,1.2000000476837158,False,False,False
ISPY2_861745,ISPY2,0.8999999761581421,2.5,False,True,True
ISPY2_862244,ISPY2,0.6445000171661377,2.4000000953674316,False,True,True
ISPY2_863161,ISPY2,0.859375,1.0,False,False,False
ISPY2_865416,ISPY2,0.9114583134651184,1.0,False,False,False
ISPY2_866660,ISPY2,0.625,2.0,False,True,True
ISPY2_870077,ISPY2,0.7031000256538391,2.200000047683716,False,True,True
ISPY2_872188,ISPY2,0.7031000256538391,2.200000047683716,False,True,True
ISPY2_873686,ISPY2,0.64453125,1.0,False,False,False
ISPY2_875089,ISPY2,0.6666666865348816,1.0,False,False,False
ISPY2_876511,ISPY2,0.8333333134651184,1.0,False,False,False
ISPY2_877463,ISPY2,0.78125,1.2999999523162842,False,True,True
ISPY2_879224,ISPY2,0.6666666865348816,1.0,False,False,False
ISPY2_882538,ISPY2,0.9375,1.0,False,False,False
ISPY2_882553,ISPY2,0.7422000169754028,2.0,False,True,True
ISPY2_883696,ISPY2,0.7031000256538391,2.200000047683716,False,True,True
ISPY2_883886,ISPY2,0.9375,1.2000000476837158,False,False,False
ISPY2_884011,ISPY2,0.6445000171661377,2.0,False,True,True
ISPY2_884266,ISPY2,0.5859000086784363,2.0,True,True,True
ISPY2_885590,ISPY2,1.40625,1.2999999523162842,True,True,True
ISPY2_885871,ISPY2,0.5859000086784363,2.0,True,True,True
ISPY2_887594,ISPY2,0.625,1.0,False,False,False
ISPY2_889049,ISPY2,0.7422000169754028,1.2000000476837158,False,False,False
ISPY2_889225,ISPY2,0.78125,1.0,False,False,False
ISPY2_889721,ISPY2,0.8413461446762085,2.5,False,True,True
ISPY2_890372,ISPY2,0.7031000256538391,2.200000047683716,False,True,True
ISPY2_890414,ISPY2,0.7031000256538391,1.2000000476837158,False,False,False
ISPY2_891645,ISPY2,0.7813000082969666,1.2000000476837158,False,False,False
ISPY2_892390,ISPY2,1.3280999660491943,0.8000010251998901,True,True,True
ISPY2_893874,ISPY2,0.5077999830245972,2.4000000953674316,True,True,True
ISPY2_894128,ISPY2,0.7813000082969666,2.0,False,True,True
ISPY2_894491,ISPY2,0.625,2.0,False,True,True
ISPY2_894673,ISPY2,0.859375,1.0,False,False,False
ISPY2_895653,ISPY2,0.7031000256538391,2.200000047683716,False,True,True
ISPY2_896621,ISPY2,0.8333333134651184,1.0,False,False,False
ISPY2_896852,ISPY2,0.6640999913215637,2.0,False,True,True
ISPY2_896939,ISPY2,1.25,0.8000010251998901,True,True,True
ISPY2_898618,ISPY2,0.5273000001907349,2.4000000953674316,True,True,True
ISPY2_899381,ISPY2,0.5468999743461609,2.0,True,True,True
ISPY2_899692,ISPY2,0.7031000256538391,2.200000047683716,False,True,True
ISPY2_900959,ISPY2,0.7031000256538391,1.2000000476837158,False,False,False
ISPY2_901705,ISPY2,0.7226999998092651,1.2000000476837158,False,False,False
ISPY2_903880,ISPY2,0.5859000086784363,2.5,True,True,True
ISPY2_904269,ISPY2,0.625,2.0,False,True,True
ISPY2_905264,ISPY2,0.8999999761581421,2.5,False,True,True
ISPY2_906042,ISPY2,0.5696202516555786,1.0,True,False,True
ISPY2_906795,ISPY2,0.703125,1.0,False,False,False
ISPY2_910188,ISPY2,0.8333333134651184,1.100000023841858,False,False,False
ISPY2_910706,ISPY2,0.9375,2.5,False,True,True
ISPY2_912836,ISPY2,0.6054999828338623,2.0,False,True,True
ISPY2_913225,ISPY2,0.5663999915122986,2.0,True,True,True
ISPY2_913527,ISPY2,0.6836000084877014,2.0,False,True,True
ISPY2_914968,ISPY2,0.606796145439148,1.0,False,False,False
ISPY2_916586,ISPY2,0.9375,1.2000000476837158,False,False,False
ISPY2_916645,ISPY2,0.6640999913215637,2.0,False,True,True
ISPY2_917762,ISPY2,0.6445000171661377,2.0,False,True,True
ISPY2_918979,ISPY2,0.5733944773674011,1.0,True,False,True
ISPY2_920479,ISPY2,0.6836000084877014,2.0,False,True,True
ISPY2_922872,ISPY2,0.6640999913215637,2.4000000953674316,False,True,True
ISPY2_923968,ISPY2,0.8854166865348816,1.100000023841858,False,False,False
ISPY2_924071,ISPY2,0.7031000256538391,2.200000047683716,False,True,True
ISPY2_924812,ISPY2,0.703125,1.0,False,False,False
ISPY2_924868,ISPY2,0.703125,2.0,False,True,True
ISPY2_924895,ISPY2,0.5859000086784363,2.0,True,True,True
ISPY2_925691,ISPY2,0.6640999913215637,2.4000000953674316,False,True,True
ISPY2_928170,ISPY2,0.7031000256538391,2.200000047683716,False,True,True
ISPY2_928446,ISPY2,0.64453125,1.0,False,False,False
ISPY2_928815,ISPY2,0.6445000171661377,2.0,False,True,True
ISPY2_929391,ISPY2,0.7031000256538391,2.200000047683716,False,True,True
ISPY2_929980,ISPY2,0.625,2.200000047683716,False,True,True
ISPY2_930172,ISPY2,0.6640999913215637,1.2000000476837158,False,False,False
ISPY2_930853,ISPY2,0.5663999915122986,2.0,True,True,True
ISPY2_930903,ISPY2,0.6640999913215637,1.2000000476837158,False,False,False
ISPY2_932200,ISPY2,0.625,2.0,False,True,True
ISPY2_934459,ISPY2,1.3671875,1.0,True,False,True
ISPY2_934906,ISPY2,0.6640999913215637,2.0,False,True,True
ISPY2_935460,ISPY2,0.6640999913215637,2.5,False,True,True
ISPY2_938719,ISPY2,0.5859000086784363,2.0,True,True,True
ISPY2_940186,ISPY2,0.5859000086784363,2.0,True,True,True
ISPY2_941191,ISPY2,0.7031000256538391,1.2000000476837158,False,False,False
ISPY2_941926,ISPY2,0.5859000086784363,2.0,True,True,True
ISPY2_942017,ISPY2,0.5859000086784363,2.0,True,True,True
ISPY2_943633,ISPY2,0.7031000256538391,2.200000047683716,False,True,True
ISPY2_943879,ISPY2,0.5859000086784363,2.200000047683716,True,True,True
ISPY2_944419,ISPY2,0.6445000171661377,2.0,False,True,True
ISPY2_944536,ISPY2,0.8999999761581421,2.5,False,True,True
ISPY2_946927,ISPY2,0.5663999915122986,2.0,True,True,True
ISPY2_947398,ISPY2,0.6640999913215637,2.0,False,True,True
ISPY2_949444,ISPY2,0.625,2.0,False,True,True
ISPY2_950131,ISPY2,0.6054999828338623,2.0,False,True,True
ISPY2_950742,ISPY2,0.5859000086784363,2.0,True,True,True
ISPY2_953262,ISPY2,1.2890625,1.149999976158142,True,False,True
ISPY2_953885,ISPY2,0.6640999913215637,1.2000000476837158,False,False,False
ISPY2_955035,ISPY2,0.7031000256538391,2.200000047683716,False,True,True
ISPY2_955953,ISPY2,1.09375,1.2000000476837158,True,False,True
ISPY2_957408,ISPY2,0.7031000256538391,2.5,False,True,True
ISPY2_959366,ISPY2,1.25,1.2000000476837158,True,False,True
ISPY2_960029,ISPY2,0.6445000171661377,2.0,False,True,True
ISPY2_960490,ISPY2,0.8854166865348816,1.0,False,False,False
ISPY2_960963,ISPY2,0.5468999743461609,2.4000000953674316,True,True,True
ISPY2_962153,ISPY2,0.6836000084877014,1.2000000476837158,False,False,False
ISPY2_962472,ISPY2,0.8999999761581421,2.5,False,True,True
ISPY2_962664,ISPY2,0.625,2.5,False,True,True
ISPY2_962827,ISPY2,0.7031000256538391,1.2000000476837158,False,False,False
ISPY2_963303,ISPY2,0.625,2.0,False,True,True
ISPY2_963604,ISPY2,0.7031000256538391,2.200000047683716,False,True,True
ISPY2_965265,ISPY2,0.625,2.5999999046325684,False,True,True
ISPY2_966016,ISPY2,0.625,2.4000000953674316,False,True,True
ISPY2_970839,ISPY2,0.6054999828338623,2.0,False,True,True
ISPY2_971492,ISPY2,0.5468999743461609,2.0,True,True,True
ISPY2_972307,ISPY2,0.7031000256538391,1.2000000476837158,False,False,False
ISPY2_973837,ISPY2,0.64453125,1.0,False,False,False
ISPY2_974181,ISPY2,0.8333333134651184,1.100000023841858,False,False,False
ISPY2_974618,ISPY2,0.7031000256538391,2.5,False,True,True
ISPY2_981461,ISPY2,0.679347813129425,1.0,False,False,False
ISPY2_981664,ISPY2,0.6944444179534912,1.0,False,False,False
ISPY2_982086,ISPY2,0.6054999828338623,2.0,False,True,True
ISPY2_982505,ISPY2,0.8333333134651184,1.2000000476837158,False,False,False
ISPY2_983841,ISPY2,0.7422000169754028,1.2000000476837158,False,False,False
ISPY2_986734,ISPY2,0.6944444179534912,1.0,False,False,False
ISPY2_987728,ISPY2,0.6445000171661377,2.0,False,True,True
ISPY2_987914,ISPY2,0.7031000256538391,2.200000047683716,False,True,True
ISPY2_987995,ISPY2,0.703125,1.0,False,False,False
ISPY2_988443,ISPY2,0.5859000086784363,2.0,True,True,True
ISPY2_988665,ISPY2,0.625,2.0,False,True,True
ISPY2_990443,ISPY2,0.5859375,1.2999999523162842,True,True,True
ISPY2_991818,ISPY2,0.5859000086784363,2.0,True,True,True
ISPY2_992609,ISPY2,0.5859000086784363,2.0,True,True,True
ISPY2_994987,ISPY2,0.7031000256538391,2.200000047683716,False,True,True
ISPY2_995480,ISPY2,0.6640999913215637,2.5,False,True,True
ISPY2_997702,ISPY2,0.6640999913215637,1.2000000476837158,False,False,False
ISPY2_999264,ISPY2,0.625,2.4000000953674316,False,True,True
ISPY2_999733,ISPY2,0.5663999915122986,2.4000000953674316,True,True,True
NACT_01,NACT-Pilot,0.78125,2.0,False,True,True
NACT_02,NACT-Pilot,0.703125,2.0,False,True,True
NACT_03,NACT-Pilot,0.703125,2.0,False,True,True
NACT_04,NACT-Pilot,0.703125,2.200000047683716,False,True,True
NACT_06,NACT-Pilot,0.703125,2.0,False,True,True
NACT_07,NACT-Pilot,0.703125,2.0,False,True,True
NACT_08,NACT-Pilot,0.703125,1.9999998807907104,False,True,True
NACT_09,NACT-Pilot,0.703125,2.0,False,True,True
NACT_11,NACT-Pilot,0.703125,2.0,False,True,True
NACT_12,NACT-Pilot,0.8984379768371582,2.3999998569488525,False,True,True
NACT_13,NACT-Pilot,0.859375,2.0,False,True,True
NACT_14,NACT-Pilot,0.78125,2.0,False,True,True
NACT_15,NACT-Pilot,0.703125,1.9999998807907104,False,True,True
NACT_17,NACT-Pilot,0.703125,1.9999998807907104,False,True,True
NACT_18,NACT-Pilot,0.859375,2.0,False,True,True
NACT_19,NACT-Pilot,0.78125,2.0,False,True,True
NACT_20,NACT-Pilot,0.703125,1.9999998807907104,False,True,True
NACT_21,NACT-Pilot,0.703125,2.299999952316284,False,True,True
NACT_22,NACT-Pilot,0.703125,2.0,False,True,True
NACT_23,NACT-Pilot,0.3515619933605194,2.0,True,True,True
NACT_24,NACT-Pilot,0.703125,1.9999998807907104,False,True,True
NACT_25,NACT-Pilot,0.703125,1.9999998807907104,False,True,True
NACT_26,NACT-Pilot,0.703125,2.0,False,True,True
NACT_27,NACT-Pilot,0.703125,1.9999998807907104,False,True,True
NACT_28,NACT-Pilot,0.78125,1.9999998807907104,False,True,True
NACT_29,NACT-Pilot,0.703125,2.0,False,True,True
NACT_30,NACT-Pilot,0.703125,2.0,False,True,True
NACT_31,NACT-Pilot,0.78125,2.0,False,True,True
NACT_32,NACT-Pilot,0.703125,2.0,False,True,True
NACT_33,NACT-Pilot,0.78125,1.9999998807907104,False,True,True
NACT_34,NACT-Pilot,0.7421879768371582,1.9999998807907104,False,True,True
NACT_35,NACT-Pilot,0.703125,2.0,False,True,True
NACT_36,NACT-Pilot,0.703125,2.0,False,True,True
NACT_37,NACT-Pilot,0.703125,1.9999998807907104,False,True,True
NACT_39,NACT-Pilot,0.703125,1.9999998807907104,False,True,True
NACT_40,NACT-Pilot,0.78125,1.9999998807907104,False,True,True
NACT_41,NACT-Pilot,0.703125,2.000000238418579,False,True,True
NACT_42,NACT-Pilot,0.703125,1.9999998807907104,False,True,True
NACT_43,NACT-Pilot,0.703125,2.1999998092651367,False,True,True
NACT_44,NACT-Pilot,0.703125,1.9999998807907104,False,True,True
NACT_45,NACT-Pilot,0.703125,1.9999998807907104,False,True,True
NACT_46,NACT-Pilot,0.703125,2.000000238418579,False,True,True
NACT_47,NACT-Pilot,0.703125,1.9999998807907104,False,True,True
NACT_48,NACT-Pilot,0.3515619933605194,2.200000047683716,True,True,True
NACT_49,NACT-Pilot,0.703125,2.000000238418579,False,True,True
NACT_50,NACT-Pilot,0.703125,2.0,False,True,True
NACT_51,NACT-Pilot,0.78125,2.3000001907348633,False,True,True
NACT_52,NACT-Pilot,0.703125,2.0,False,True,True
NACT_53,NACT-Pilot,0.78125,1.9999998807907104,False,True,True
NACT_54,NACT-Pilot,0.859375,2.200000047683716,False,True,True
NACT_55,NACT-Pilot,0.78125,2.200000047683716,False,True,True
NACT_56,NACT-Pilot,0.78125,2.0,False,True,True
NACT_57,NACT-Pilot,0.78125,1.9999998807907104,False,True,True
NACT_58,NACT-Pilot,0.703125,2.0,False,True,True
NACT_59,NACT-Pilot,0.703125,1.9999998807907104,False,True,True
NACT_60,NACT-Pilot,0.703125,2.1000001430511475,False,True,True
NACT_61,NACT-Pilot,0.78125,2.0,False,True,True
NACT_62,NACT-Pilot,0.703125,2.0,False,True,True
NACT_63,NACT-Pilot,0.703125,1.9999998807907104,False,True,True
NACT_64,NACT-Pilot,0.78125,2.0,False,True,True
NACT_65,NACT-Pilot,0.703125,2.0,False,True,True
NACT_66,NACT-Pilot,0.703125,2.000000238418579,False,True,True
NACT_67,NACT-Pilot,0.78125,1.9999998807907104,False,True,True
NACT_68,NACT-Pilot,0.78125,2.0,False,True,True
